20,1,0,2,5,32.0,0.03125,0.0,AboutWindow,C:\Users\Ross\Desktop\stuf\cvoc\src
20,1,3,13,16,32.0,0.03125,0.09375,AddVocable,C:\Users\Ross\Desktop\stuf\cvoc\src
20,1,2,9,11,32.0,0.03125,0.0625,ChineseFlashCardTest,C:\Users\Ross\Desktop\stuf\cvoc\src
20,1,2,8,12,32.0,0.03125,0.0625,ChineseToTrans,C:\Users\Ross\Desktop\stuf\cvoc\src
20,3,6,49,51,32.0,0.09375,0.1875,CVoc,C:\Users\Ross\Desktop\stuf\cvoc\src
20,1,3,5,14,32.0,0.03125,0.09375,EditVocable,C:\Users\Ross\Desktop\stuf\cvoc\src
20,2,1,5,11,32.0,0.0625,0.03125,FileHandler,C:\Users\Ross\Desktop\stuf\cvoc\src
20,0,0,20,2,32.0,0.0,0.0,HamsterToolkit,C:\Users\Ross\Desktop\stuf\cvoc\src
20,3,0,4,5,32.0,0.09375,0.0,InfoDialog,C:\Users\Ross\Desktop\stuf\cvoc\src
20,14,6,22,4,32.0,0.4375,0.1875,SqliteHandler,C:\Users\Ross\Desktop\stuf\cvoc\src
20,1,2,40,43,32.0,0.03125,0.0625,StartTest,C:\Users\Ross\Desktop\stuf\cvoc\src
20,1,1,23,9,32.0,0.03125,0.03125,TestGenerator,C:\Users\Ross\Desktop\stuf\cvoc\src
20,0,0,1,0,32.0,0.0,0.0,VocableUnknownComparator,C:\Users\Ross\Desktop\stuf\cvoc\src
20,0,0,1,0,32.0,0.0,0.0,VocableLastLearnedComparator,C:\Users\Ross\Desktop\stuf\cvoc\src
20,0,0,1,0,32.0,0.0,0.0,VocableRareLearnedComparator,C:\Users\Ross\Desktop\stuf\cvoc\src
20,0,0,1,0,32.0,0.0,0.0,Testing,C:\Users\Ross\Desktop\stuf\cvoc\src
20,1,2,8,12,32.0,0.03125,0.0625,TransToChinese,C:\Users\Ross\Desktop\stuf\cvoc\src
20,1,2,8,12,32.0,0.03125,0.0625,TransToPinyin,C:\Users\Ross\Desktop\stuf\cvoc\src
20,1,2,9,11,32.0,0.03125,0.0625,TransToPinyinFlashCardTest,C:\Users\Ross\Desktop\stuf\cvoc\src
20,14,0,24,10,32.0,0.4375,0.0,Vocable,C:\Users\Ross\Desktop\stuf\cvoc\src
3,1,0,9,8,1.0,1.0,0.0,ColorBall,C:\Users\Ross\Desktop\stuf\ever-k\com.assignment.DragDrop.DragDrop\src
3,0,0,2,3,1.0,0.0,0.0,DragDrop,C:\Users\Ross\Desktop\stuf\ever-k\com.assignment.DragDrop.DragDrop\src
3,0,1,2,2,1.0,0.0,1.0,DrawView,C:\Users\Ross\Desktop\stuf\ever-k\com.assignment.DragDrop.DragDrop\src
4,2,0,8,7,2.0,1.0,0.0,ColorBall,C:\Users\Ross\Desktop\stuf\ever-k\eKeyAndroid\src
4,0,2,2,2,2.0,0.0,1.0,DrawView,C:\Users\Ross\Desktop\stuf\ever-k\eKeyAndroid\src
4,0,0,2,0,2.0,0.0,0.0,EverK,C:\Users\Ross\Desktop\stuf\ever-k\eKeyAndroid\src
4,0,0,2,0,2.0,0.0,0.0,MainActivity,C:\Users\Ross\Desktop\stuf\ever-k\eKeyAndroid\src
4,0,1,4,3,1.0,0.0,1.0,CounterService,C:\Users\Ross\Desktop\stuf\experiments\android\CounterService\src
4,0,0,1,0,1.0,0.0,0.0,CounterBinder,C:\Users\Ross\Desktop\stuf\experiments\android\CounterService\src
4,1,0,5,3,1.0,1.0,0.0,CounterThread,C:\Users\Ross\Desktop\stuf\experiments\android\CounterService\src
4,0,0,1,2,1.0,0.0,0.0,CounterServiceManager,C:\Users\Ross\Desktop\stuf\experiments\android\CounterService\src
3,0,0,2,0,0.0,0.0,0.0,BeerExpert,C:\Users\Ross\Desktop\stuf\experiments\java\servlets\beer\src
3,0,0,2,0,0.0,0.0,0.0,BeerListener,C:\Users\Ross\Desktop\stuf\experiments\java\servlets\beer\src
3,0,0,1,0,0.0,0.0,0.0,BeerSelect,C:\Users\Ross\Desktop\stuf\experiments\java\servlets\beer\src
1,0,0,1,0,0.0,0.0,0.0,FirstServlet,C:\Users\Ross\Desktop\stuf\experiments\java\servlets\first\src
11,2,1,11,4,6.0,0.3333333333333333,0.16666666666666666,Account,C:\Users\Ross\Desktop\stuf\faces\Proyectos\01-jsf-solution\src
11,0,0,0,1,6.0,0.0,0.0,AccountException,C:\Users\Ross\Desktop\stuf\faces\Proyectos\01-jsf-solution\src
11,1,0,5,4,6.0,0.16666666666666666,0.0,Beneficiary,C:\Users\Ross\Desktop\stuf\faces\Proyectos\01-jsf-solution\src
11,1,0,7,0,6.0,0.16666666666666666,0.0,AccountRepository,C:\Users\Ross\Desktop\stuf\faces\Proyectos\01-jsf-solution\src
11,0,1,8,1,6.0,0.0,0.16666666666666666,HibernateAccountRepository,C:\Users\Ross\Desktop\stuf\faces\Proyectos\01-jsf-solution\src
11,1,0,7,0,6.0,0.16666666666666666,0.0,AccountManager,C:\Users\Ross\Desktop\stuf\faces\Proyectos\01-jsf-solution\src
11,0,1,9,1,6.0,0.0,0.16666666666666666,AccountManagerImpl,C:\Users\Ross\Desktop\stuf\faces\Proyectos\01-jsf-solution\src
11,0,1,12,5,6.0,0.0,0.16666666666666666,TestDataSourceFactory,C:\Users\Ross\Desktop\stuf\faces\Proyectos\01-jsf-solution\src
11,1,0,5,1,6.0,0.16666666666666666,0.0,TestDatabasePopulator,C:\Users\Ross\Desktop\stuf\faces\Proyectos\01-jsf-solution\src
11,0,2,7,3,6.0,0.0,0.3333333333333333,AccountController,C:\Users\Ross\Desktop\stuf\faces\Proyectos\01-jsf-solution\src
11,0,0,18,4,6.0,0.0,0.0,BasePage,C:\Users\Ross\Desktop\stuf\faces\Proyectos\01-jsf-solution\src
10,1,1,11,4,4.0,0.25,0.25,Account,C:\Users\Ross\Desktop\stuf\faces\Proyectos\01-jsf-start\src
10,0,0,0,1,4.0,0.0,0.0,AccountException,C:\Users\Ross\Desktop\stuf\faces\Proyectos\01-jsf-start\src
10,1,0,5,4,4.0,0.25,0.0,Beneficiary,C:\Users\Ross\Desktop\stuf\faces\Proyectos\01-jsf-start\src
10,1,0,7,0,4.0,0.25,0.0,AccountRepository,C:\Users\Ross\Desktop\stuf\faces\Proyectos\01-jsf-start\src
10,0,1,8,1,4.0,0.0,0.25,HibernateAccountRepository,C:\Users\Ross\Desktop\stuf\faces\Proyectos\01-jsf-start\src
10,0,0,7,0,4.0,0.0,0.0,AccountManager,C:\Users\Ross\Desktop\stuf\faces\Proyectos\01-jsf-start\src
10,0,1,9,1,4.0,0.0,0.25,AccountManagerImpl,C:\Users\Ross\Desktop\stuf\faces\Proyectos\01-jsf-start\src
10,0,1,12,5,4.0,0.0,0.25,TestDataSourceFactory,C:\Users\Ross\Desktop\stuf\faces\Proyectos\01-jsf-start\src
10,1,0,5,1,4.0,0.25,0.0,TestDatabasePopulator,C:\Users\Ross\Desktop\stuf\faces\Proyectos\01-jsf-start\src
10,0,0,18,4,4.0,0.0,0.0,BasePage,C:\Users\Ross\Desktop\stuf\faces\Proyectos\01-jsf-start\src
12,8,1,11,4,15.0,0.5333333333333333,0.06666666666666667,Account,C:\Users\Ross\Desktop\stuf\faces\Proyectos\02-richfaces-solution\src
12,0,0,0,1,15.0,0.0,0.0,AccountException,C:\Users\Ross\Desktop\stuf\faces\Proyectos\02-richfaces-solution\src
12,3,0,5,4,15.0,0.2,0.0,Beneficiary,C:\Users\Ross\Desktop\stuf\faces\Proyectos\02-richfaces-solution\src
12,1,0,8,0,15.0,0.06666666666666667,0.0,AccountRepository,C:\Users\Ross\Desktop\stuf\faces\Proyectos\02-richfaces-solution\src
12,1,1,9,1,15.0,0.06666666666666667,0.06666666666666667,HibernateAccountRepository,C:\Users\Ross\Desktop\stuf\faces\Proyectos\02-richfaces-solution\src
12,1,0,8,0,15.0,0.06666666666666667,0.0,AccountManager,C:\Users\Ross\Desktop\stuf\faces\Proyectos\02-richfaces-solution\src
12,0,1,10,1,15.0,0.0,0.06666666666666667,AccountManagerImpl,C:\Users\Ross\Desktop\stuf\faces\Proyectos\02-richfaces-solution\src
12,0,1,12,5,15.0,0.0,0.06666666666666667,TestDataSourceFactory,C:\Users\Ross\Desktop\stuf\faces\Proyectos\02-richfaces-solution\src
12,1,0,5,1,15.0,0.06666666666666667,0.0,TestDatabasePopulator,C:\Users\Ross\Desktop\stuf\faces\Proyectos\02-richfaces-solution\src
12,0,2,10,4,15.0,0.0,0.13333333333333333,AccountController,C:\Users\Ross\Desktop\stuf\faces\Proyectos\02-richfaces-solution\src
12,0,0,18,4,15.0,0.0,0.0,BasePage,C:\Users\Ross\Desktop\stuf\faces\Proyectos\02-richfaces-solution\src
12,0,9,11,3,15.0,0.0,0.6,HibernateAccountRepositoryTest,C:\Users\Ross\Desktop\stuf\faces\Proyectos\02-richfaces-solution\src
12,8,1,11,4,15.0,0.5333333333333333,0.06666666666666667,Account,C:\Users\Ross\Desktop\stuf\faces\Proyectos\02-richfaces-start\src
12,0,0,0,1,15.0,0.0,0.0,AccountException,C:\Users\Ross\Desktop\stuf\faces\Proyectos\02-richfaces-start\src
12,3,0,5,4,15.0,0.2,0.0,Beneficiary,C:\Users\Ross\Desktop\stuf\faces\Proyectos\02-richfaces-start\src
12,1,0,8,0,15.0,0.06666666666666667,0.0,AccountRepository,C:\Users\Ross\Desktop\stuf\faces\Proyectos\02-richfaces-start\src
12,1,1,9,1,15.0,0.06666666666666667,0.06666666666666667,HibernateAccountRepository,C:\Users\Ross\Desktop\stuf\faces\Proyectos\02-richfaces-start\src
12,1,0,8,0,15.0,0.06666666666666667,0.0,AccountManager,C:\Users\Ross\Desktop\stuf\faces\Proyectos\02-richfaces-start\src
12,0,1,10,1,15.0,0.0,0.06666666666666667,AccountManagerImpl,C:\Users\Ross\Desktop\stuf\faces\Proyectos\02-richfaces-start\src
12,0,1,12,5,15.0,0.0,0.06666666666666667,TestDataSourceFactory,C:\Users\Ross\Desktop\stuf\faces\Proyectos\02-richfaces-start\src
12,1,0,5,1,15.0,0.06666666666666667,0.0,TestDatabasePopulator,C:\Users\Ross\Desktop\stuf\faces\Proyectos\02-richfaces-start\src
12,0,2,8,4,15.0,0.0,0.13333333333333333,AccountController,C:\Users\Ross\Desktop\stuf\faces\Proyectos\02-richfaces-start\src
12,0,0,18,4,15.0,0.0,0.0,BasePage,C:\Users\Ross\Desktop\stuf\faces\Proyectos\02-richfaces-start\src
12,0,9,11,3,15.0,0.0,0.6,HibernateAccountRepositoryTest,C:\Users\Ross\Desktop\stuf\faces\Proyectos\02-richfaces-start\src
26,8,1,11,4,21.0,0.38095238095238093,0.047619047619047616,Account,C:\Users\Ross\Desktop\stuf\faces\Proyectos\03-security-solution\src
26,0,0,0,1,21.0,0.0,0.0,AccountException,C:\Users\Ross\Desktop\stuf\faces\Proyectos\03-security-solution\src
26,3,0,5,4,21.0,0.14285714285714285,0.0,Beneficiary,C:\Users\Ross\Desktop\stuf\faces\Proyectos\03-security-solution\src
26,2,0,11,4,21.0,0.09523809523809523,0.0,Role,C:\Users\Ross\Desktop\stuf\faces\Proyectos\03-security-solution\src
26,2,1,41,17,21.0,0.09523809523809523,0.047619047619047616,User,C:\Users\Ross\Desktop\stuf\faces\Proyectos\03-security-solution\src
26,1,0,8,0,21.0,0.047619047619047616,0.0,AccountRepository,C:\Users\Ross\Desktop\stuf\faces\Proyectos\03-security-solution\src
26,1,1,8,0,21.0,0.047619047619047616,0.047619047619047616,HibernateAccountRepository,C:\Users\Ross\Desktop\stuf\faces\Proyectos\03-security-solution\src
26,1,0,3,0,21.0,0.047619047619047616,0.0,RoleDao,C:\Users\Ross\Desktop\stuf\faces\Proyectos\03-security-solution\src
26,0,0,3,0,21.0,0.0,0.0,RoleDaoHibernate,C:\Users\Ross\Desktop\stuf\faces\Proyectos\03-security-solution\src
26,1,0,5,0,21.0,0.047619047619047616,0.0,UserDao,C:\Users\Ross\Desktop\stuf\faces\Proyectos\03-security-solution\src
26,0,0,6,0,21.0,0.0,0.0,UserDaoHibernate,C:\Users\Ross\Desktop\stuf\faces\Proyectos\03-security-solution\src
26,2,0,8,0,21.0,0.09523809523809523,0.0,AccountManager,C:\Users\Ross\Desktop\stuf\faces\Proyectos\03-security-solution\src
26,0,1,8,1,21.0,0.0,0.047619047619047616,AccountManagerImpl,C:\Users\Ross\Desktop\stuf\faces\Proyectos\03-security-solution\src
26,0,0,4,0,21.0,0.0,0.0,RoleManager,C:\Users\Ross\Desktop\stuf\faces\Proyectos\03-security-solution\src
26,0,1,4,1,21.0,0.0,0.047619047619047616,RoleManagerImpl,C:\Users\Ross\Desktop\stuf\faces\Proyectos\03-security-solution\src
26,0,0,0,1,21.0,0.0,0.0,UserExistsException,C:\Users\Ross\Desktop\stuf\faces\Proyectos\03-security-solution\src
26,1,0,6,0,21.0,0.047619047619047616,0.0,UserManager,C:\Users\Ross\Desktop\stuf\faces\Proyectos\03-security-solution\src
26,0,1,6,3,21.0,0.0,0.047619047619047616,UserManagerImpl,C:\Users\Ross\Desktop\stuf\faces\Proyectos\03-security-solution\src
26,0,1,12,5,21.0,0.0,0.047619047619047616,TestDataSourceFactory,C:\Users\Ross\Desktop\stuf\faces\Proyectos\03-security-solution\src
26,1,0,5,1,21.0,0.047619047619047616,0.0,TestDatabasePopulator,C:\Users\Ross\Desktop\stuf\faces\Proyectos\03-security-solution\src
26,0,2,8,3,21.0,0.0,0.09523809523809523,AccountController,C:\Users\Ross\Desktop\stuf\faces\Proyectos\03-security-solution\src
26,0,1,1,2,21.0,0.0,0.047619047619047616,AccountList,C:\Users\Ross\Desktop\stuf\faces\Proyectos\03-security-solution\src
26,0,0,18,4,21.0,0.0,0.0,BasePage,C:\Users\Ross\Desktop\stuf\faces\Proyectos\03-security-solution\src
26,0,1,1,1,21.0,0.0,0.047619047619047616,UserController,C:\Users\Ross\Desktop\stuf\faces\Proyectos\03-security-solution\src
26,0,1,1,1,21.0,0.0,0.047619047619047616,UserList,C:\Users\Ross\Desktop\stuf\faces\Proyectos\03-security-solution\src
26,0,9,11,3,21.0,0.0,0.42857142857142855,HibernateAccountRepositoryTest,C:\Users\Ross\Desktop\stuf\faces\Proyectos\03-security-solution\src
10,3,2,30,13,18.0,0.16666666666666666,0.1111111111111111,Booking,C:\Users\Ross\Desktop\stuf\faces\Proyectos\booking-faces\src
10,3,0,7,0,18.0,0.16666666666666666,0.0,BookingService,C:\Users\Ross\Desktop\stuf\faces\Proyectos\booking-faces\src
10,6,0,18,9,18.0,0.3333333333333333,0.0,Hotel,C:\Users\Ross\Desktop\stuf\faces\Proyectos\booking-faces\src
10,1,3,6,4,18.0,0.05555555555555555,0.16666666666666666,HotelLazyDataModel,C:\Users\Ross\Desktop\stuf\faces\Proyectos\booking-faces\src
10,0,3,10,2,18.0,0.0,0.16666666666666666,JpaBookingService,C:\Users\Ross\Desktop\stuf\faces\Proyectos\booking-faces\src
10,0,0,5,5,18.0,0.0,0.0,ReferenceData,C:\Users\Ross\Desktop\stuf\faces\Proyectos\booking-faces\src
10,2,0,8,4,18.0,0.1111111111111111,0.0,SearchCriteria,C:\Users\Ross\Desktop\stuf\faces\Proyectos\booking-faces\src
10,3,0,7,4,18.0,0.16666666666666666,0.0,User,C:\Users\Ross\Desktop\stuf\faces\Proyectos\booking-faces\src
10,0,5,7,1,18.0,0.0,0.2777777777777778,BookingFlowExecutionTests,C:\Users\Ross\Desktop\stuf\faces\Proyectos\booking-faces\src
10,0,5,7,1,18.0,0.0,0.2777777777777778,MainFlowExecutionTests,C:\Users\Ross\Desktop\stuf\faces\Proyectos\booking-faces\src
62,0,9,25,10,259.0,0.0,0.03474903474903475,CarteleraListaMB,C:\Users\Ross\Desktop\stuf\faces\Proyectos\cinedayz\src
62,3,16,11,5,259.0,0.011583011583011582,0.06177606177606178,CarteleraService,C:\Users\Ross\Desktop\stuf\faces\Proyectos\cinedayz\src
62,2,35,24,5,259.0,0.007722007722007722,0.13513513513513514,PeliculaService,C:\Users\Ross\Desktop\stuf\faces\Proyectos\cinedayz\src
62,37,0,26,5,259.0,0.14285714285714285,0.0,Busqueda,C:\Users\Ross\Desktop\stuf\faces\Proyectos\cinedayz\src
62,0,0,6,1,259.0,0.0,0.0,GenericoDAO,C:\Users\Ross\Desktop\stuf\faces\Proyectos\cinedayz\src
62,6,0,8,4,259.0,0.023166023166023165,0.0,Actor,C:\Users\Ross\Desktop\stuf\faces\Proyectos\cinedayz\src
62,6,2,10,5,259.0,0.023166023166023165,0.007722007722007722,Actuacion,C:\Users\Ross\Desktop\stuf\faces\Proyectos\cinedayz\src
62,7,2,12,6,259.0,0.02702702702702703,0.007722007722007722,Asiento,C:\Users\Ross\Desktop\stuf\faces\Proyectos\cinedayz\src
62,37,0,22,11,259.0,0.14285714285714285,0.0,Busqueda,C:\Users\Ross\Desktop\stuf\faces\Proyectos\cinedayz\src
62,11,1,12,6,259.0,0.04247104247104247,0.003861003861003861,Cartelera,C:\Users\Ross\Desktop\stuf\faces\Proyectos\cinedayz\src
62,0,0,15,5,259.0,0.0,0.0,Cine,C:\Users\Ross\Desktop\stuf\faces\Proyectos\cinedayz\src
62,22,0,20,10,259.0,0.08494208494208494,0.0,Cliente,C:\Users\Ross\Desktop\stuf\faces\Proyectos\cinedayz\src
62,8,2,12,6,259.0,0.03088803088803089,0.007722007722007722,Comentario,C:\Users\Ross\Desktop\stuf\faces\Proyectos\cinedayz\src
62,14,2,16,8,259.0,0.05405405405405406,0.007722007722007722,DetCartelera,C:\Users\Ross\Desktop\stuf\faces\Proyectos\cinedayz\src
62,0,0,4,2,259.0,0.0,0.0,Horario,C:\Users\Ross\Desktop\stuf\faces\Proyectos\cinedayz\src
62,2,0,8,4,259.0,0.007722007722007722,0.0,Local,C:\Users\Ross\Desktop\stuf\faces\Proyectos\cinedayz\src
62,8,1,16,8,259.0,0.03088803088803089,0.003861003861003861,Merchandize,C:\Users\Ross\Desktop\stuf\faces\Proyectos\cinedayz\src
62,32,0,28,14,259.0,0.12355212355212356,0.0,Pelicula,C:\Users\Ross\Desktop\stuf\faces\Proyectos\cinedayz\src
62,2,0,12,6,259.0,0.007722007722007722,0.0,Permiso,C:\Users\Ross\Desktop\stuf\faces\Proyectos\cinedayz\src
62,7,1,12,6,259.0,0.02702702702702703,0.003861003861003861,Sala,C:\Users\Ross\Desktop\stuf\faces\Proyectos\cinedayz\src
62,9,1,16,8,259.0,0.03474903474903475,0.003861003861003861,ShopCart,C:\Users\Ross\Desktop\stuf\faces\Proyectos\cinedayz\src
62,2,2,18,9,259.0,0.007722007722007722,0.007722007722007722,ShopCartDetail,C:\Users\Ross\Desktop\stuf\faces\Proyectos\cinedayz\src
62,10,0,14,7,259.0,0.03861003861003861,0.0,Usuario,C:\Users\Ross\Desktop\stuf\faces\Proyectos\cinedayz\src
62,3,0,0,0,259.0,0.011583011583011582,0.0,ActorDAO,C:\Users\Ross\Desktop\stuf\faces\Proyectos\cinedayz\src
62,2,0,0,0,259.0,0.007722007722007722,0.0,ActuacionDAO,C:\Users\Ross\Desktop\stuf\faces\Proyectos\cinedayz\src
62,2,0,0,0,259.0,0.007722007722007722,0.0,AsientoDAO,C:\Users\Ross\Desktop\stuf\faces\Proyectos\cinedayz\src
62,0,0,0,0,259.0,0.0,0.0,BusquedaDAO,C:\Users\Ross\Desktop\stuf\faces\Proyectos\cinedayz\src
62,7,0,0,0,259.0,0.02702702702702703,0.0,CarteleraDAO,C:\Users\Ross\Desktop\stuf\faces\Proyectos\cinedayz\src
62,9,0,0,0,259.0,0.03474903474903475,0.0,ClienteDAO,C:\Users\Ross\Desktop\stuf\faces\Proyectos\cinedayz\src
62,5,0,0,0,259.0,0.019305019305019305,0.0,ComentarioDAO,C:\Users\Ross\Desktop\stuf\faces\Proyectos\cinedayz\src
62,6,0,0,0,259.0,0.023166023166023165,0.0,DetCarteleraDAO,C:\Users\Ross\Desktop\stuf\faces\Proyectos\cinedayz\src
62,2,0,0,0,259.0,0.007722007722007722,0.0,LocalDAO,C:\Users\Ross\Desktop\stuf\faces\Proyectos\cinedayz\src
62,3,0,0,0,259.0,0.011583011583011582,0.0,MerchandizeDAO,C:\Users\Ross\Desktop\stuf\faces\Proyectos\cinedayz\src
62,8,0,0,0,259.0,0.03088803088803089,0.0,PeliculaDAO,C:\Users\Ross\Desktop\stuf\faces\Proyectos\cinedayz\src
62,1,0,0,0,259.0,0.003861003861003861,0.0,PermisoDAO,C:\Users\Ross\Desktop\stuf\faces\Proyectos\cinedayz\src
62,4,0,0,0,259.0,0.015444015444015444,0.0,SalaDAO,C:\Users\Ross\Desktop\stuf\faces\Proyectos\cinedayz\src
62,5,0,0,0,259.0,0.019305019305019305,0.0,ShopCartDAO,C:\Users\Ross\Desktop\stuf\faces\Proyectos\cinedayz\src
62,1,0,0,0,259.0,0.003861003861003861,0.0,ShopCartDetailDAO,C:\Users\Ross\Desktop\stuf\faces\Proyectos\cinedayz\src
62,6,0,0,0,259.0,0.023166023166023165,0.0,UsuarioDAO,C:\Users\Ross\Desktop\stuf\faces\Proyectos\cinedayz\src
62,3,6,7,2,259.0,0.011583011583011582,0.023166023166023165,ClienteService,C:\Users\Ross\Desktop\stuf\faces\Proyectos\cinedayz\src
62,1,5,24,11,259.0,0.003861003861003861,0.019305019305019305,RegistroClienteMB,C:\Users\Ross\Desktop\stuf\faces\Proyectos\cinedayz\src
62,3,34,25,10,259.0,0.011583011583011582,0.13127413127413126,MerchandizeService,C:\Users\Ross\Desktop\stuf\faces\Proyectos\cinedayz\src
62,0,5,28,12,259.0,0.0,0.019305019305019305,VentaMB,C:\Users\Ross\Desktop\stuf\faces\Proyectos\cinedayz\src
62,0,8,4,2,259.0,0.0,0.03088803088803089,ActorDAOTest,C:\Users\Ross\Desktop\stuf\faces\Proyectos\cinedayz\src
62,0,5,2,2,259.0,0.0,0.019305019305019305,ActuacionDAOTest,C:\Users\Ross\Desktop\stuf\faces\Proyectos\cinedayz\src
62,0,4,2,2,259.0,0.0,0.015444015444015444,AsientoDAOTest,C:\Users\Ross\Desktop\stuf\faces\Proyectos\cinedayz\src
62,0,3,2,1,259.0,0.0,0.011583011583011582,CarritoServiceTest,C:\Users\Ross\Desktop\stuf\faces\Proyectos\cinedayz\src
62,0,14,6,2,259.0,0.0,0.05405405405405406,CarteleraDAOTest,C:\Users\Ross\Desktop\stuf\faces\Proyectos\cinedayz\src
62,0,3,3,1,259.0,0.0,0.011583011583011582,CarteleraServiceTest,C:\Users\Ross\Desktop\stuf\faces\Proyectos\cinedayz\src
62,0,14,6,2,259.0,0.0,0.05405405405405406,ClienteDAOTest,C:\Users\Ross\Desktop\stuf\faces\Proyectos\cinedayz\src
62,0,6,3,1,259.0,0.0,0.023166023166023165,ClienteServiceTest,C:\Users\Ross\Desktop\stuf\faces\Proyectos\cinedayz\src
62,0,11,5,2,259.0,0.0,0.04247104247104247,ComentarioDAOTest,C:\Users\Ross\Desktop\stuf\faces\Proyectos\cinedayz\src
62,0,11,5,2,259.0,0.0,0.04247104247104247,DetCarteleraDAOTest,C:\Users\Ross\Desktop\stuf\faces\Proyectos\cinedayz\src
62,0,0,1,2,259.0,0.0,0.0,iraunaPeliculaDAOTest,C:\Users\Ross\Desktop\stuf\faces\Proyectos\cinedayz\src
62,0,5,3,2,259.0,0.0,0.019305019305019305,MerchandizeDAOTest,C:\Users\Ross\Desktop\stuf\faces\Proyectos\cinedayz\src
62,0,1,2,1,259.0,0.0,0.003861003861003861,MerchandizeServiceTest,C:\Users\Ross\Desktop\stuf\faces\Proyectos\cinedayz\src
62,0,14,6,2,259.0,0.0,0.05405405405405406,PeliculaDAOTest,C:\Users\Ross\Desktop\stuf\faces\Proyectos\cinedayz\src
62,0,2,2,1,259.0,0.0,0.007722007722007722,PeliculaServiceTest,C:\Users\Ross\Desktop\stuf\faces\Proyectos\cinedayz\src
62,0,3,2,2,259.0,0.0,0.011583011583011582,PermisoDAOTest,C:\Users\Ross\Desktop\stuf\faces\Proyectos\cinedayz\src
62,0,5,3,2,259.0,0.0,0.019305019305019305,SalaDAOTest,C:\Users\Ross\Desktop\stuf\faces\Proyectos\cinedayz\src
62,0,12,5,2,259.0,0.0,0.04633204633204633,ShopCartDAOTest,C:\Users\Ross\Desktop\stuf\faces\Proyectos\cinedayz\src
62,0,14,6,2,259.0,0.0,0.05405405405405406,UsuarioDAOTest,C:\Users\Ross\Desktop\stuf\faces\Proyectos\cinedayz\src
6,0,2,12,8,3.0,0.0,0.6666666666666666,UserManagedBean,C:\Users\Ross\Desktop\stuf\faces\Proyectos\demojsfspringhibernate\src
6,1,0,7,3,3.0,0.3333333333333333,0.0,User,C:\Users\Ross\Desktop\stuf\faces\Proyectos\demojsfspringhibernate\src
6,1,0,5,0,3.0,0.3333333333333333,0.0,IUserDAO,C:\Users\Ross\Desktop\stuf\faces\Proyectos\demojsfspringhibernate\src
6,0,0,7,1,3.0,0.0,0.0,UserDAO,C:\Users\Ross\Desktop\stuf\faces\Proyectos\demojsfspringhibernate\src
6,1,0,5,0,3.0,0.3333333333333333,0.0,IUserService,C:\Users\Ross\Desktop\stuf\faces\Proyectos\demojsfspringhibernate\src
6,0,1,7,1,3.0,0.0,0.3333333333333333,UserService,C:\Users\Ross\Desktop\stuf\faces\Proyectos\demojsfspringhibernate\src
14,0,0,1,1,12.0,0.0,0.0,ApplicationBean,C:\Users\Ross\Desktop\stuf\faces\Proyectos\demoSpringRichHibernate\src
14,0,0,0,0,12.0,0.0,0.0,BaseBean,C:\Users\Ross\Desktop\stuf\faces\Proyectos\demoSpringRichHibernate\src
14,0,3,8,5,12.0,0.0,0.25,LogInBean,C:\Users\Ross\Desktop\stuf\faces\Proyectos\demoSpringRichHibernate\src
14,0,1,3,2,12.0,0.0,0.08333333333333333,LogOutBean,C:\Users\Ross\Desktop\stuf\faces\Proyectos\demoSpringRichHibernate\src
14,2,1,4,3,12.0,0.16666666666666666,0.08333333333333333,SessionBean,C:\Users\Ross\Desktop\stuf\faces\Proyectos\demoSpringRichHibernate\src
14,0,0,4,2,12.0,0.0,0.0,WelcomeBean,C:\Users\Ross\Desktop\stuf\faces\Proyectos\demoSpringRichHibernate\src
14,0,0,7,0,12.0,0.0,0.0,IGenericDao,C:\Users\Ross\Desktop\stuf\faces\Proyectos\demoSpringRichHibernate\src
14,2,0,2,0,12.0,0.16666666666666666,0.0,IUserDao,C:\Users\Ross\Desktop\stuf\faces\Proyectos\demoSpringRichHibernate\src
14,0,0,8,1,12.0,0.0,0.0,GenericDao,C:\Users\Ross\Desktop\stuf\faces\Proyectos\demoSpringRichHibernate\src
14,0,0,2,1,12.0,0.0,0.0,UserDao,C:\Users\Ross\Desktop\stuf\faces\Proyectos\demoSpringRichHibernate\src
14,8,0,21,10,12.0,0.6666666666666666,0.0,User,C:\Users\Ross\Desktop\stuf\faces\Proyectos\demoSpringRichHibernate\src
14,1,0,1,0,12.0,0.08333333333333333,0.0,ILoginService,C:\Users\Ross\Desktop\stuf\faces\Proyectos\demoSpringRichHibernate\src
14,0,2,3,2,12.0,0.0,0.16666666666666666,LoginService,C:\Users\Ross\Desktop\stuf\faces\Proyectos\demoSpringRichHibernate\src
14,0,5,5,5,12.0,0.0,0.4166666666666667,UserDaoTest,C:\Users\Ross\Desktop\stuf\faces\Proyectos\demoSpringRichHibernate\src
4,2,0,11,5,2.0,1.0,0.0,Paczki,C:\Users\Ross\Desktop\stuf\faces\Proyectos\gdziejestfaces\src
4,0,1,6,5,2.0,0.0,0.5,Index,C:\Users\Ross\Desktop\stuf\faces\Proyectos\gdziejestfaces\src
4,0,1,7,2,2.0,0.0,0.5,PaczkiFacade,C:\Users\Ross\Desktop\stuf\faces\Proyectos\gdziejestfaces\src
4,1,0,6,0,2.0,0.5,0.0,PaczkiFacadeLocal,C:\Users\Ross\Desktop\stuf\faces\Proyectos\gdziejestfaces\src
6,0,5,8,2,5.0,0.0,1.0,LivroController,C:\Users\Ross\Desktop\stuf\faces\Proyectos\GelivPrimeFaces\src
6,3,0,5,0,5.0,0.6,0.0,LivroDao,C:\Users\Ross\Desktop\stuf\faces\Proyectos\GelivPrimeFaces\src
6,0,0,5,0,5.0,0.0,0.0,LivroDaoImp,C:\Users\Ross\Desktop\stuf\faces\Proyectos\GelivPrimeFaces\src
6,2,0,14,7,5.0,0.4,0.0,Livro,C:\Users\Ross\Desktop\stuf\faces\Proyectos\GelivPrimeFaces\src
6,0,0,1,0,5.0,0.0,0.0,HibernateTest,C:\Users\Ross\Desktop\stuf\faces\Proyectos\GelivPrimeFaces\src
6,0,0,2,1,5.0,0.0,0.0,HibernateUtil,C:\Users\Ross\Desktop\stuf\faces\Proyectos\GelivPrimeFaces\src
11,0,0,3,1,12.0,0.0,0.0,RequestLoggingPhaseListener,C:\Users\Ross\Desktop\stuf\faces\Proyectos\jsf-booking\src
11,2,2,26,12,12.0,0.16666666666666666,0.16666666666666666,Booking,C:\Users\Ross\Desktop\stuf\faces\Proyectos\jsf-booking\src
11,3,0,6,0,12.0,0.25,0.0,BookingService,C:\Users\Ross\Desktop\stuf\faces\Proyectos\jsf-booking\src
11,4,0,18,9,12.0,0.3333333333333333,0.0,Hotel,C:\Users\Ross\Desktop\stuf\faces\Proyectos\jsf-booking\src
11,0,2,9,1,12.0,0.0,0.16666666666666666,JpaBookingService,C:\Users\Ross\Desktop\stuf\faces\Proyectos\jsf-booking\src
11,0,0,5,5,12.0,0.0,0.0,ReferenceData,C:\Users\Ross\Desktop\stuf\faces\Proyectos\jsf-booking\src
11,1,0,10,4,12.0,0.08333333333333333,0.0,SearchCriteria,C:\Users\Ross\Desktop\stuf\faces\Proyectos\jsf-booking\src
11,2,0,7,4,12.0,0.16666666666666666,0.0,User,C:\Users\Ross\Desktop\stuf\faces\Proyectos\jsf-booking\src
11,0,3,12,5,12.0,0.0,0.25,BookingController,C:\Users\Ross\Desktop\stuf\faces\Proyectos\jsf-booking\src
11,0,2,4,3,12.0,0.0,0.16666666666666666,HotelController,C:\Users\Ross\Desktop\stuf\faces\Proyectos\jsf-booking\src
11,0,3,10,4,12.0,0.0,0.25,SearchController,C:\Users\Ross\Desktop\stuf\faces\Proyectos\jsf-booking\src
3,0,1,2,3,1.0,0.0,1.0,ImageBean,C:\Users\Ross\Desktop\stuf\faces\Proyectos\primefaces-carousel-demo\src
3,1,0,6,3,1.0,1.0,0.0,Photo,C:\Users\Ross\Desktop\stuf\faces\Proyectos\primefaces-carousel-demo\src
3,0,0,2,3,1.0,0.0,0.0,PhotoStreamer,C:\Users\Ross\Desktop\stuf\faces\Proyectos\primefaces-carousel-demo\src
1,0,0,1,0,0.0,0.0,0.0,DemoBean,C:\Users\Ross\Desktop\stuf\faces\Proyectos\primefaces-mobile-tutorial\src
26,4,1,11,4,14.0,0.2857142857142857,0.07142857142857142,Account,C:\Users\Ross\Desktop\stuf\faces\Proyectos\primefaces-spring-security-hibernate\src
26,1,1,2,1,14.0,0.07142857142857142,0.07142857142857142,AccountDataModel,C:\Users\Ross\Desktop\stuf\faces\Proyectos\primefaces-spring-security-hibernate\src
26,0,0,0,1,14.0,0.0,0.0,AccountException,C:\Users\Ross\Desktop\stuf\faces\Proyectos\primefaces-spring-security-hibernate\src
26,1,0,5,4,14.0,0.07142857142857142,0.0,Beneficiary,C:\Users\Ross\Desktop\stuf\faces\Proyectos\primefaces-spring-security-hibernate\src
26,2,0,11,4,14.0,0.14285714285714285,0.0,Role,C:\Users\Ross\Desktop\stuf\faces\Proyectos\primefaces-spring-security-hibernate\src
26,2,1,41,17,14.0,0.14285714285714285,0.07142857142857142,User,C:\Users\Ross\Desktop\stuf\faces\Proyectos\primefaces-spring-security-hibernate\src
26,1,0,8,0,14.0,0.07142857142857142,0.0,AccountRepository,C:\Users\Ross\Desktop\stuf\faces\Proyectos\primefaces-spring-security-hibernate\src
26,0,1,8,0,14.0,0.0,0.07142857142857142,HibernateAccountRepository,C:\Users\Ross\Desktop\stuf\faces\Proyectos\primefaces-spring-security-hibernate\src
26,1,0,3,0,14.0,0.07142857142857142,0.0,RoleDao,C:\Users\Ross\Desktop\stuf\faces\Proyectos\primefaces-spring-security-hibernate\src
26,0,0,3,0,14.0,0.0,0.0,RoleDaoHibernate,C:\Users\Ross\Desktop\stuf\faces\Proyectos\primefaces-spring-security-hibernate\src
26,1,0,5,0,14.0,0.07142857142857142,0.0,UserDao,C:\Users\Ross\Desktop\stuf\faces\Proyectos\primefaces-spring-security-hibernate\src
26,0,0,6,0,14.0,0.0,0.0,UserDaoHibernate,C:\Users\Ross\Desktop\stuf\faces\Proyectos\primefaces-spring-security-hibernate\src
26,1,0,8,0,14.0,0.07142857142857142,0.0,AccountManager,C:\Users\Ross\Desktop\stuf\faces\Proyectos\primefaces-spring-security-hibernate\src
26,0,1,8,2,14.0,0.0,0.07142857142857142,AccountManagerImpl,C:\Users\Ross\Desktop\stuf\faces\Proyectos\primefaces-spring-security-hibernate\src
26,0,0,4,0,14.0,0.0,0.0,RoleManager,C:\Users\Ross\Desktop\stuf\faces\Proyectos\primefaces-spring-security-hibernate\src
26,0,1,4,2,14.0,0.0,0.07142857142857142,RoleManagerImpl,C:\Users\Ross\Desktop\stuf\faces\Proyectos\primefaces-spring-security-hibernate\src
26,0,0,0,1,14.0,0.0,0.0,UserExistsException,C:\Users\Ross\Desktop\stuf\faces\Proyectos\primefaces-spring-security-hibernate\src
26,1,0,6,0,14.0,0.07142857142857142,0.0,UserManager,C:\Users\Ross\Desktop\stuf\faces\Proyectos\primefaces-spring-security-hibernate\src
26,0,1,6,4,14.0,0.0,0.07142857142857142,UserManagerImpl,C:\Users\Ross\Desktop\stuf\faces\Proyectos\primefaces-spring-security-hibernate\src
26,0,1,12,5,14.0,0.0,0.07142857142857142,TestDataSourceFactory,C:\Users\Ross\Desktop\stuf\faces\Proyectos\primefaces-spring-security-hibernate\src
26,1,0,5,1,14.0,0.07142857142857142,0.0,TestDatabasePopulator,C:\Users\Ross\Desktop\stuf\faces\Proyectos\primefaces-spring-security-hibernate\src
26,0,2,8,3,14.0,0.0,0.14285714285714285,AccountController,C:\Users\Ross\Desktop\stuf\faces\Proyectos\primefaces-spring-security-hibernate\src
26,0,2,5,3,14.0,0.0,0.14285714285714285,AccountList,C:\Users\Ross\Desktop\stuf\faces\Proyectos\primefaces-spring-security-hibernate\src
26,0,0,18,4,14.0,0.0,0.0,BasePage,C:\Users\Ross\Desktop\stuf\faces\Proyectos\primefaces-spring-security-hibernate\src
26,0,1,1,1,14.0,0.0,0.07142857142857142,UserController,C:\Users\Ross\Desktop\stuf\faces\Proyectos\primefaces-spring-security-hibernate\src
26,0,1,1,1,14.0,0.0,0.07142857142857142,UserList,C:\Users\Ross\Desktop\stuf\faces\Proyectos\primefaces-spring-security-hibernate\src
42,0,0,0,0,1.0,0.0,0.0,Aviso,C:\Users\Ross\Desktop\stuf\faces\Proyectos\publicaciones\publicaciones\src
42,0,0,0,0,1.0,0.0,0.0,Bloguer,C:\Users\Ross\Desktop\stuf\faces\Proyectos\publicaciones\publicaciones\src
42,0,0,0,0,1.0,0.0,0.0,Categoria,C:\Users\Ross\Desktop\stuf\faces\Proyectos\publicaciones\publicaciones\src
42,0,0,0,0,1.0,0.0,0.0,Imagen,C:\Users\Ross\Desktop\stuf\faces\Proyectos\publicaciones\publicaciones\src
42,0,0,0,0,1.0,0.0,0.0,Mensaje,C:\Users\Ross\Desktop\stuf\faces\Proyectos\publicaciones\publicaciones\src
42,0,0,0,0,1.0,0.0,0.0,Publicacion,C:\Users\Ross\Desktop\stuf\faces\Proyectos\publicaciones\publicaciones\src
42,0,0,0,0,1.0,0.0,0.0,TipoDocumento,C:\Users\Ross\Desktop\stuf\faces\Proyectos\publicaciones\publicaciones\src
42,0,0,0,0,1.0,0.0,0.0,TipoPersona,C:\Users\Ross\Desktop\stuf\faces\Proyectos\publicaciones\publicaciones\src
42,0,0,0,0,1.0,0.0,0.0,Transaccion,C:\Users\Ross\Desktop\stuf\faces\Proyectos\publicaciones\publicaciones\src
42,0,0,0,0,1.0,0.0,0.0,Usuario,C:\Users\Ross\Desktop\stuf\faces\Proyectos\publicaciones\publicaciones\src
42,0,0,0,0,1.0,0.0,0.0,Visita,C:\Users\Ross\Desktop\stuf\faces\Proyectos\publicaciones\publicaciones\src
42,0,0,1,0,1.0,0.0,0.0,ApplicationBean,C:\Users\Ross\Desktop\stuf\faces\Proyectos\publicaciones\publicaciones\src
42,0,0,0,0,1.0,0.0,0.0,AvisoBean,C:\Users\Ross\Desktop\stuf\faces\Proyectos\publicaciones\publicaciones\src
42,0,1,5,3,1.0,0.0,1.0,BeanPublicacion,C:\Users\Ross\Desktop\stuf\faces\Proyectos\publicaciones\publicaciones\src
42,0,0,0,0,1.0,0.0,0.0,BloguerBean,C:\Users\Ross\Desktop\stuf\faces\Proyectos\publicaciones\publicaciones\src
42,0,0,0,0,1.0,0.0,0.0,CategoriaBean,C:\Users\Ross\Desktop\stuf\faces\Proyectos\publicaciones\publicaciones\src
42,0,0,0,0,1.0,0.0,0.0,ImagenBean,C:\Users\Ross\Desktop\stuf\faces\Proyectos\publicaciones\publicaciones\src
42,0,0,0,0,1.0,0.0,0.0,MensajeBean,C:\Users\Ross\Desktop\stuf\faces\Proyectos\publicaciones\publicaciones\src
42,0,0,0,0,1.0,0.0,0.0,PublicacionBean,C:\Users\Ross\Desktop\stuf\faces\Proyectos\publicaciones\publicaciones\src
42,0,0,0,0,1.0,0.0,0.0,TipoDocumentoBean,C:\Users\Ross\Desktop\stuf\faces\Proyectos\publicaciones\publicaciones\src
42,0,0,0,0,1.0,0.0,0.0,TipoPersonaBean,C:\Users\Ross\Desktop\stuf\faces\Proyectos\publicaciones\publicaciones\src
42,0,0,0,0,1.0,0.0,0.0,TransaccionBean,C:\Users\Ross\Desktop\stuf\faces\Proyectos\publicaciones\publicaciones\src
42,0,0,0,0,1.0,0.0,0.0,UsuarioBean,C:\Users\Ross\Desktop\stuf\faces\Proyectos\publicaciones\publicaciones\src
42,0,0,0,0,1.0,0.0,0.0,VisitaBean,C:\Users\Ross\Desktop\stuf\faces\Proyectos\publicaciones\publicaciones\src
42,0,0,0,0,1.0,0.0,0.0,AvisoConverter,C:\Users\Ross\Desktop\stuf\faces\Proyectos\publicaciones\publicaciones\src
42,0,0,0,0,1.0,0.0,0.0,BloguerConverter,C:\Users\Ross\Desktop\stuf\faces\Proyectos\publicaciones\publicaciones\src
42,0,0,0,0,1.0,0.0,0.0,CategoriaConverter,C:\Users\Ross\Desktop\stuf\faces\Proyectos\publicaciones\publicaciones\src
42,0,0,0,0,1.0,0.0,0.0,ImagenConverter,C:\Users\Ross\Desktop\stuf\faces\Proyectos\publicaciones\publicaciones\src
42,0,0,0,0,1.0,0.0,0.0,MensajeConverter,C:\Users\Ross\Desktop\stuf\faces\Proyectos\publicaciones\publicaciones\src
42,0,0,0,0,1.0,0.0,0.0,PublicacionConverter,C:\Users\Ross\Desktop\stuf\faces\Proyectos\publicaciones\publicaciones\src
42,0,0,0,0,1.0,0.0,0.0,TipoDocumentoConverter,C:\Users\Ross\Desktop\stuf\faces\Proyectos\publicaciones\publicaciones\src
42,0,0,0,0,1.0,0.0,0.0,TipoPersonaConverter,C:\Users\Ross\Desktop\stuf\faces\Proyectos\publicaciones\publicaciones\src
42,0,0,0,0,1.0,0.0,0.0,TransaccionConverter,C:\Users\Ross\Desktop\stuf\faces\Proyectos\publicaciones\publicaciones\src
42,0,0,0,0,1.0,0.0,0.0,UsuarioConverter,C:\Users\Ross\Desktop\stuf\faces\Proyectos\publicaciones\publicaciones\src
42,0,0,0,0,1.0,0.0,0.0,VisitaConverter,C:\Users\Ross\Desktop\stuf\faces\Proyectos\publicaciones\publicaciones\src
42,0,0,7,1,1.0,0.0,0.0,LocaleBean,C:\Users\Ross\Desktop\stuf\faces\Proyectos\publicaciones\publicaciones\src
42,0,0,2,1,1.0,0.0,0.0,ViewExpiredExceptionExceptionHandler,C:\Users\Ross\Desktop\stuf\faces\Proyectos\publicaciones\publicaciones\src
42,0,0,1,1,1.0,0.0,0.0,ViewExpiredExceptionExceptionHandlerFactory,C:\Users\Ross\Desktop\stuf\faces\Proyectos\publicaciones\publicaciones\src
42,1,0,1,0,1.0,1.0,0.0,PublicacionService,C:\Users\Ross\Desktop\stuf\faces\Proyectos\publicaciones\publicaciones\src
42,0,0,8,0,1.0,0.0,0.0,PublicacionServiceImpl,C:\Users\Ross\Desktop\stuf\faces\Proyectos\publicaciones\publicaciones\src
42,0,0,0,0,1.0,0.0,0.0,PublicacionDataOnDemand,C:\Users\Ross\Desktop\stuf\faces\Proyectos\publicaciones\publicaciones\src
42,0,0,1,0,1.0,0.0,0.0,PublicacionIntegrationTest,C:\Users\Ross\Desktop\stuf\faces\Proyectos\publicaciones\publicaciones\src
7,0,0,2,1,1.0,0.0,0.0,OlympicGamesBean,C:\Users\Ross\Desktop\stuf\faces\Proyectos\richfaces4-iteration\src
7,0,0,4,4,1.0,0.0,0.0,SkinBean,C:\Users\Ross\Desktop\stuf\faces\Proyectos\richfaces4-iteration\src
7,0,0,2,1,1.0,0.0,0.0,BaseDescriptor,C:\Users\Ross\Desktop\stuf\faces\Proyectos\richfaces4-iteration\src
7,0,0,22,9,1.0,0.0,0.0,GameDescriptor,C:\Users\Ross\Desktop\stuf\faces\Proyectos\richfaces4-iteration\src
7,0,0,2,0,1.0,0.0,0.0,CalendarConverter,C:\Users\Ross\Desktop\stuf\faces\Proyectos\richfaces4-iteration\src
7,1,1,4,1,1.0,1.0,1.0,GamesParser,C:\Users\Ross\Desktop\stuf\faces\Proyectos\richfaces4-iteration\src
7,1,0,2,1,1.0,1.0,0.0,GameDescriptorsHolder,C:\Users\Ross\Desktop\stuf\faces\Proyectos\richfaces4-iteration\src
5,0,0,6,1,0.0,0.0,0.0,DropDownBean,C:\Users\Ross\Desktop\stuf\faces\Proyectos\richfaces4-menus-demo\src
5,0,0,6,1,0.0,0.0,0.0,PanelMenuBean,C:\Users\Ross\Desktop\stuf\faces\Proyectos\richfaces4-menus-demo\src
5,0,0,7,3,0.0,0.0,0.0,ToolbarBean,C:\Users\Ross\Desktop\stuf\faces\Proyectos\richfaces4-menus-demo\src
5,0,0,5,2,0.0,0.0,0.0,UserBean,C:\Users\Ross\Desktop\stuf\faces\Proyectos\richfaces4-menus-demo\src
5,0,0,4,4,0.0,0.0,0.0,SkinBean,C:\Users\Ross\Desktop\stuf\faces\Proyectos\richfaces4-menus-demo\src
12,0,0,4,4,2.0,0.0,0.0,SkinBean,C:\Users\Ross\Desktop\stuf\faces\Proyectos\richfaces4-panels-demo\src
12,0,0,23,10,2.0,0.0,0.0,UserBean,C:\Users\Ross\Desktop\stuf\faces\Proyectos\richfaces4-panels-demo\src
12,1,0,4,2,2.0,0.5,0.0,Airline,C:\Users\Ross\Desktop\stuf\faces\Proyectos\richfaces4-panels-demo\src
12,0,1,4,2,2.0,0.0,0.5,AirlinesBean,C:\Users\Ross\Desktop\stuf\faces\Proyectos\richfaces4-panels-demo\src
12,0,0,3,1,2.0,0.0,0.0,Bean,C:\Users\Ross\Desktop\stuf\faces\Proyectos\richfaces4-panels-demo\src
12,0,0,2,0,2.0,0.0,0.0,SimplePopupBean,C:\Users\Ross\Desktop\stuf\faces\Proyectos\richfaces4-panels-demo\src
12,0,0,2,2,2.0,0.0,0.0,CapitalsBean,C:\Users\Ross\Desktop\stuf\faces\Proyectos\richfaces4-panels-demo\src
12,0,0,8,5,2.0,0.0,0.0,Capital,C:\Users\Ross\Desktop\stuf\faces\Proyectos\richfaces4-panels-demo\src
12,0,1,1,1,2.0,0.0,0.5,CapitalsParser,C:\Users\Ross\Desktop\stuf\faces\Proyectos\richfaces4-panels-demo\src
12,1,0,2,1,2.0,0.5,0.0,CapitalsHolder,C:\Users\Ross\Desktop\stuf\faces\Proyectos\richfaces4-panels-demo\src
12,0,0,5,2,2.0,0.0,0.0,CityTabBean,C:\Users\Ross\Desktop\stuf\faces\Proyectos\richfaces4-panels-demo\src
12,0,0,2,1,2.0,0.0,0.0,Tooltip,C:\Users\Ross\Desktop\stuf\faces\Proyectos\richfaces4-panels-demo\src
23,0,0,3,1,0.0,0.0,0.0,AjaxStatusBean,C:\Users\Ross\Desktop\stuf\faces\Proyectos\richfaces4-start\src
23,0,0,2,1,0.0,0.0,0.0,Bean1,C:\Users\Ross\Desktop\stuf\faces\Proyectos\richfaces4-start\src
23,0,0,5,2,0.0,0.0,0.0,Bean2,C:\Users\Ross\Desktop\stuf\faces\Proyectos\richfaces4-start\src
23,0,0,8,2,0.0,0.0,0.0,Bean3,C:\Users\Ross\Desktop\stuf\faces\Proyectos\richfaces4-start\src
23,0,0,8,2,0.0,0.0,0.0,Bean4,C:\Users\Ross\Desktop\stuf\faces\Proyectos\richfaces4-start\src
23,0,0,8,2,0.0,0.0,0.0,Bean5,C:\Users\Ross\Desktop\stuf\faces\Proyectos\richfaces4-start\src
23,0,0,4,2,0.0,0.0,0.0,Bean6,C:\Users\Ross\Desktop\stuf\faces\Proyectos\richfaces4-start\src
23,0,0,2,1,0.0,0.0,0.0,Bean7,C:\Users\Ross\Desktop\stuf\faces\Proyectos\richfaces4-start\src
23,0,0,5,2,0.0,0.0,0.0,Bean8,C:\Users\Ross\Desktop\stuf\faces\Proyectos\richfaces4-start\src
23,0,0,6,3,0.0,0.0,0.0,BypassUpdatesBean,C:\Users\Ross\Desktop\stuf\faces\Proyectos\richfaces4-start\src
23,0,0,5,1,0.0,0.0,0.0,ClockBean,C:\Users\Ross\Desktop\stuf\faces\Proyectos\richfaces4-start\src
23,0,0,2,1,0.0,0.0,0.0,DynamicUpdateBean,C:\Users\Ross\Desktop\stuf\faces\Proyectos\richfaces4-start\src
23,0,0,6,3,0.0,0.0,0.0,FlowerRegionBean,C:\Users\Ross\Desktop\stuf\faces\Proyectos\richfaces4-start\src
23,0,0,2,1,0.0,0.0,0.0,JSFunctionDrinkBean,C:\Users\Ross\Desktop\stuf\faces\Proyectos\richfaces4-start\src
23,0,0,3,1,0.0,0.0,0.0,JSFunctionNameBean,C:\Users\Ross\Desktop\stuf\faces\Proyectos\richfaces4-start\src
23,0,0,1,0,0.0,0.0,0.0,LogBean,C:\Users\Ross\Desktop\stuf\faces\Proyectos\richfaces4-start\src
23,0,0,3,0,0.0,0.0,0.0,PhaseTracker,C:\Users\Ross\Desktop\stuf\faces\Proyectos\richfaces4-start\src
23,0,0,4,0,0.0,0.0,0.0,QueueBean,C:\Users\Ross\Desktop\stuf\faces\Proyectos\richfaces4-start\src
23,0,0,3,1,0.0,0.0,0.0,QueueIgnoreOldBean,C:\Users\Ross\Desktop\stuf\faces\Proyectos\richfaces4-start\src
23,0,0,2,2,0.0,0.0,0.0,RichBean,C:\Users\Ross\Desktop\stuf\faces\Proyectos\richfaces4-start\src
23,0,0,5,5,0.0,0.0,0.0,TimeBean,C:\Users\Ross\Desktop\stuf\faces\Proyectos\richfaces4-start\src
23,0,0,4,2,0.0,0.0,0.0,Wonder,C:\Users\Ross\Desktop\stuf\faces\Proyectos\richfaces4-start\src
23,0,0,2,1,0.0,0.0,0.0,WonderListBean,C:\Users\Ross\Desktop\stuf\faces\Proyectos\richfaces4-start\src
17,0,0,3,1,2.0,0.0,0.0,AutocompleteBean,C:\Users\Ross\Desktop\stuf\faces\Proyectos\richfaces4-start-components\src
17,0,0,2,1,2.0,0.0,0.0,CalendarBean,C:\Users\Ross\Desktop\stuf\faces\Proyectos\richfaces4-start-components\src
17,0,1,4,3,2.0,0.0,0.5,CalendarModel,C:\Users\Ross\Desktop\stuf\faces\Proyectos\richfaces4-start-components\src
17,1,0,8,2,2.0,0.5,0.0,CalendarModelItem,C:\Users\Ross\Desktop\stuf\faces\Proyectos\richfaces4-start-components\src
17,0,0,5,1,2.0,0.0,0.0,CityBean,C:\Users\Ross\Desktop\stuf\faces\Proyectos\richfaces4-start-components\src
17,0,0,3,1,2.0,0.0,0.0,FileUploadBean,C:\Users\Ross\Desktop\stuf\faces\Proyectos\richfaces4-start-components\src
17,0,0,5,1,2.0,0.0,0.0,FileUploadBean2,C:\Users\Ross\Desktop\stuf\faces\Proyectos\richfaces4-start-components\src
17,0,0,6,3,2.0,0.0,0.0,InplaceInputBean,C:\Users\Ross\Desktop\stuf\faces\Proyectos\richfaces4-start-components\src
17,0,0,2,1,2.0,0.0,0.0,InplaceSelectBean,C:\Users\Ross\Desktop\stuf\faces\Proyectos\richfaces4-start-components\src
17,0,0,11,6,2.0,0.0,0.0,InplaceSelectBean2,C:\Users\Ross\Desktop\stuf\faces\Proyectos\richfaces4-start-components\src
17,0,0,2,1,2.0,0.0,0.0,InputNumberBean,C:\Users\Ross\Desktop\stuf\faces\Proyectos\richfaces4-start-components\src
17,0,0,2,2,2.0,0.0,0.0,RichBean,C:\Users\Ross\Desktop\stuf\faces\Proyectos\richfaces4-start-components\src
17,0,0,2,1,2.0,0.0,0.0,SelectBean,C:\Users\Ross\Desktop\stuf\faces\Proyectos\richfaces4-start-components\src
17,0,0,11,6,2.0,0.0,0.0,SelectBean2,C:\Users\Ross\Desktop\stuf\faces\Proyectos\richfaces4-start-components\src
17,1,0,6,3,2.0,0.5,0.0,State,C:\Users\Ross\Desktop\stuf\faces\Proyectos\richfaces4-start-components\src
17,0,1,3,2,2.0,0.0,0.5,StatesSuggestionBean,C:\Users\Ross\Desktop\stuf\faces\Proyectos\richfaces4-start-components\src
17,0,0,1,0,2.0,0.0,0.0,TimeBean,C:\Users\Ross\Desktop\stuf\faces\Proyectos\richfaces4-start-components\src
10,1,0,0,5,1.0,1.0,0.0,Donante,C:\Users\Ross\Desktop\stuf\faces\Proyectos\roo-jsf\src
10,0,1,0,5,1.0,0.0,1.0,Organo,C:\Users\Ross\Desktop\stuf\faces\Proyectos\roo-jsf\src
10,0,0,1,0,1.0,0.0,0.0,ApplicationBean,C:\Users\Ross\Desktop\stuf\faces\Proyectos\roo-jsf\src
10,0,0,0,0,1.0,0.0,0.0,DonanteBean,C:\Users\Ross\Desktop\stuf\faces\Proyectos\roo-jsf\src
10,0,0,0,0,1.0,0.0,0.0,OrganoBean,C:\Users\Ross\Desktop\stuf\faces\Proyectos\roo-jsf\src
10,0,0,0,0,1.0,0.0,0.0,DonanteConverter,C:\Users\Ross\Desktop\stuf\faces\Proyectos\roo-jsf\src
10,0,0,0,0,1.0,0.0,0.0,OrganoConverter,C:\Users\Ross\Desktop\stuf\faces\Proyectos\roo-jsf\src
10,0,0,7,1,1.0,0.0,0.0,LocaleBean,C:\Users\Ross\Desktop\stuf\faces\Proyectos\roo-jsf\src
10,0,0,2,1,1.0,0.0,0.0,ViewExpiredExceptionExceptionHandler,C:\Users\Ross\Desktop\stuf\faces\Proyectos\roo-jsf\src
10,0,0,1,1,1.0,0.0,0.0,ViewExpiredExceptionExceptionHandlerFactory,C:\Users\Ross\Desktop\stuf\faces\Proyectos\roo-jsf\src
325,0,0,2,1,80.0,0.0,0.0,ShowcaseExceptionHandler,C:\Users\Ross\Desktop\stuf\faces\Proyectos\showcase\src
325,0,0,1,1,80.0,0.0,0.0,ShowcaseExceptionHandlerFactory,C:\Users\Ross\Desktop\stuf\faces\Proyectos\showcase\src
325,0,0,6,3,80.0,0.0,0.0,Birth,C:\Users\Ross\Desktop\stuf\faces\Proyectos\showcase\src
325,2,0,10,4,80.0,0.025,0.0,Book,C:\Users\Ross\Desktop\stuf\faces\Proyectos\showcase\src
325,6,0,13,5,80.0,0.075,0.0,Car,C:\Users\Ross\Desktop\stuf\faces\Proyectos\showcase\src
325,0,0,6,3,80.0,0.0,0.0,CheckIn,C:\Users\Ross\Desktop\stuf\faces\Proyectos\showcase\src
325,1,0,14,7,80.0,0.0125,0.0,Contact,C:\Users\Ross\Desktop\stuf\faces\Proyectos\showcase\src
325,3,0,9,3,80.0,0.0375,0.0,Document,C:\Users\Ross\Desktop\stuf\faces\Proyectos\showcase\src
325,1,0,8,4,80.0,0.0125,0.0,Mail,C:\Users\Ross\Desktop\stuf\faces\Proyectos\showcase\src
325,2,0,10,5,80.0,0.025,0.0,ManufacturerSale,C:\Users\Ross\Desktop\stuf\faces\Proyectos\showcase\src
325,1,0,6,3,80.0,0.0125,0.0,NewsEntry,C:\Users\Ross\Desktop\stuf\faces\Proyectos\showcase\src
325,1,0,4,2,80.0,0.0125,0.0,NewsGroup,C:\Users\Ross\Desktop\stuf\faces\Proyectos\showcase\src
325,2,0,5,1,80.0,0.025,0.0,Note,C:\Users\Ross\Desktop\stuf\faces\Proyectos\showcase\src
325,11,2,23,9,80.0,0.1375,0.025,Player,C:\Users\Ross\Desktop\stuf\faces\Proyectos\showcase\src
325,0,0,7,3,80.0,0.0,0.0,ServerLoad,C:\Users\Ross\Desktop\stuf\faces\Proyectos\showcase\src
325,2,0,6,3,80.0,0.025,0.0,Stats,C:\Users\Ross\Desktop\stuf\faces\Proyectos\showcase\src
325,0,0,5,2,80.0,0.0,0.0,Theme,C:\Users\Ross\Desktop\stuf\faces\Proyectos\showcase\src
325,0,0,6,3,80.0,0.0,0.0,Tweet,C:\Users\Ross\Desktop\stuf\faces\Proyectos\showcase\src
325,2,0,18,9,80.0,0.025,0.0,User,C:\Users\Ross\Desktop\stuf\faces\Proyectos\showcase\src
325,0,0,5,2,80.0,0.0,0.0,Vote,C:\Users\Ross\Desktop\stuf\faces\Proyectos\showcase\src
325,0,0,3,0,80.0,0.0,0.0,CharacterEncodingFilter,C:\Users\Ross\Desktop\stuf\faces\Proyectos\showcase\src
325,0,1,5,2,80.0,0.0,0.0125,ContactsView,C:\Users\Ross\Desktop\stuf\faces\Proyectos\showcase\src
325,0,1,4,2,80.0,0.0,0.0125,NotesView,C:\Users\Ross\Desktop\stuf\faces\Proyectos\showcase\src
325,0,0,5,2,80.0,0.0,0.0,ShowcaseView,C:\Users\Ross\Desktop\stuf\faces\Proyectos\showcase\src
325,0,0,1,1,80.0,0.0,0.0,TranslatorView,C:\Users\Ross\Desktop\stuf\faces\Proyectos\showcase\src
325,1,0,1,0,80.0,0.0125,0.0,BookService,C:\Users\Ross\Desktop\stuf\faces\Proyectos\showcase\src
325,0,0,1,0,80.0,0.0,0.0,BookServiceImpl,C:\Users\Ross\Desktop\stuf\faces\Proyectos\showcase\src
325,1,0,1,0,80.0,0.0125,0.0,NewsService,C:\Users\Ross\Desktop\stuf\faces\Proyectos\showcase\src
325,0,0,1,1,80.0,0.0,0.0,TwitterRSSService,C:\Users\Ross\Desktop\stuf\faces\Proyectos\showcase\src
325,1,0,1,0,80.0,0.0125,0.0,TwitterService,C:\Users\Ross\Desktop\stuf\faces\Proyectos\showcase\src
325,1,0,1,0,80.0,0.0125,0.0,WeatherService,C:\Users\Ross\Desktop\stuf\faces\Proyectos\showcase\src
325,0,0,1,2,80.0,0.0,0.0,YAHOONewsService,C:\Users\Ross\Desktop\stuf\faces\Proyectos\showcase\src
325,0,0,1,1,80.0,0.0,0.0,YAHOOWeatherService,C:\Users\Ross\Desktop\stuf\faces\Proyectos\showcase\src
325,0,0,5,2,80.0,0.0,0.0,PersonBean,C:\Users\Ross\Desktop\stuf\faces\Proyectos\showcase\src
325,0,3,5,4,80.0,0.0,0.0375,NewsController,C:\Users\Ross\Desktop\stuf\faces\Proyectos\showcase\src
325,0,1,5,3,80.0,0.0,0.0125,TwitterController,C:\Users\Ross\Desktop\stuf\faces\Proyectos\showcase\src
325,0,1,10,5,80.0,0.0,0.0125,WeatherController,C:\Users\Ross\Desktop\stuf\faces\Proyectos\showcase\src
325,0,3,28,12,80.0,0.0,0.0375,AutoCompleteBean,C:\Users\Ross\Desktop\stuf\faces\Proyectos\showcase\src
325,0,1,3,2,80.0,0.0,0.0125,Barcelona,C:\Users\Ross\Desktop\stuf\faces\Proyectos\showcase\src
325,0,0,3,1,80.0,0.0,0.0,BroadcastSchedulerBean,C:\Users\Ross\Desktop\stuf\faces\Proyectos\showcase\src
325,0,0,13,3,80.0,0.0,0.0,ButtonBean,C:\Users\Ross\Desktop\stuf\faces\Proyectos\showcase\src
325,0,0,17,7,80.0,0.0,0.0,CalendarBean,C:\Users\Ross\Desktop\stuf\faces\Proyectos\showcase\src
325,0,0,1,0,80.0,0.0,0.0,CaptchaBean,C:\Users\Ross\Desktop\stuf\faces\Proyectos\showcase\src
325,2,1,2,0,80.0,0.025,0.0125,CarDataModel,C:\Users\Ross\Desktop\stuf\faces\Proyectos\showcase\src
325,0,0,21,10,80.0,0.0,0.0,ChartBean,C:\Users\Ross\Desktop\stuf\faces\Proyectos\showcase\src
325,1,0,6,1,80.0,0.0125,0.0,ChatUsers,C:\Users\Ross\Desktop\stuf\faces\Proyectos\showcase\src
325,0,1,15,8,80.0,0.0,0.0125,ChatView,C:\Users\Ross\Desktop\stuf\faces\Proyectos\showcase\src
325,0,0,8,4,80.0,0.0,0.0,ColorBean,C:\Users\Ross\Desktop\stuf\faces\Proyectos\showcase\src
325,0,0,2,0,80.0,0.0,0.0,ColorPickerConverter,C:\Users\Ross\Desktop\stuf\faces\Proyectos\showcase\src
325,0,0,3,1,80.0,0.0,0.0,CounterBean,C:\Users\Ross\Desktop\stuf\faces\Proyectos\showcase\src
325,0,2,6,3,80.0,0.0,0.025,CreateBookBean,C:\Users\Ross\Desktop\stuf\faces\Proyectos\showcase\src
325,0,0,5,1,80.0,0.0,0.0,DashboardBean,C:\Users\Ross\Desktop\stuf\faces\Proyectos\showcase\src
325,0,0,2,0,80.0,0.0,0.0,DDController,C:\Users\Ross\Desktop\stuf\faces\Proyectos\showcase\src
325,0,0,10,3,80.0,0.0,0.0,DefaultCommandBean,C:\Users\Ross\Desktop\stuf\faces\Proyectos\showcase\src
325,0,0,1,0,80.0,0.0,0.0,DialogBean,C:\Users\Ross\Desktop\stuf\faces\Proyectos\showcase\src
325,0,1,14,5,80.0,0.0,0.0125,DocumentsController,C:\Users\Ross\Desktop\stuf\faces\Proyectos\showcase\src
325,0,0,4,3,80.0,0.0,0.0,DynamicImageController,C:\Users\Ross\Desktop\stuf\faces\Proyectos\showcase\src
325,0,0,2,1,80.0,0.0,0.0,EditorBean,C:\Users\Ross\Desktop\stuf\faces\Proyectos\showcase\src
325,0,0,1,0,80.0,0.0,0.0,FieldsetBean,C:\Users\Ross\Desktop\stuf\faces\Proyectos\showcase\src
325,0,0,1,1,80.0,0.0,0.0,FileDownloadController,C:\Users\Ross\Desktop\stuf\faces\Proyectos\showcase\src
325,0,0,4,1,80.0,0.0,0.0,FileUploadController,C:\Users\Ross\Desktop\stuf\faces\Proyectos\showcase\src
325,0,0,7,3,80.0,0.0,0.0,FlipPanelBean,C:\Users\Ross\Desktop\stuf\faces\Proyectos\showcase\src
325,0,0,14,7,80.0,0.0,0.0,FormBean,C:\Users\Ross\Desktop\stuf\faces\Proyectos\showcase\src
325,0,1,5,3,80.0,0.0,0.0125,GalleriaBean,C:\Users\Ross\Desktop\stuf\faces\Proyectos\showcase\src
325,0,0,3,1,80.0,0.0,0.0,GlobalCounterBean,C:\Users\Ross\Desktop\stuf\faces\Proyectos\showcase\src
325,0,0,2,1,80.0,0.0,0.0,GreetingController,C:\Users\Ross\Desktop\stuf\faces\Proyectos\showcase\src
325,0,0,8,3,80.0,0.0,0.0,GrowlBean,C:\Users\Ross\Desktop\stuf\faces\Proyectos\showcase\src
325,1,0,2,1,80.0,0.0125,0.0,GuestPreferences,C:\Users\Ross\Desktop\stuf\faces\Proyectos\showcase\src
325,0,0,1,1,80.0,0.0,0.0,HotkeyController,C:\Users\Ross\Desktop\stuf\faces\Proyectos\showcase\src
325,0,0,2,0,80.0,0.0,0.0,IdleMonitorController,C:\Users\Ross\Desktop\stuf\faces\Proyectos\showcase\src
325,0,0,6,2,80.0,0.0,0.0,ImageCropperBean,C:\Users\Ross\Desktop\stuf\faces\Proyectos\showcase\src
325,0,0,1,1,80.0,0.0,0.0,ImageSwitchBean,C:\Users\Ross\Desktop\stuf\faces\Proyectos\showcase\src
325,0,0,2,1,80.0,0.0,0.0,InplaceBean,C:\Users\Ross\Desktop\stuf\faces\Proyectos\showcase\src
325,0,0,18,9,80.0,0.0,0.0,KeyboardBean,C:\Users\Ross\Desktop\stuf\faces\Proyectos\showcase\src
325,0,0,4,0,80.0,0.0,0.0,LayoutBean,C:\Users\Ross\Desktop\stuf\faces\Proyectos\showcase\src
325,0,2,3,1,80.0,0.0,0.025,LazyCarDataModel,C:\Users\Ross\Desktop\stuf\faces\Proyectos\showcase\src
325,0,0,1,2,80.0,0.0,0.0,LazySorter,C:\Users\Ross\Desktop\stuf\faces\Proyectos\showcase\src
325,0,0,5,2,80.0,0.0,0.0,LoginBean,C:\Users\Ross\Desktop\stuf\faces\Proyectos\showcase\src
325,0,0,2,1,80.0,0.0,0.0,MacosxBean,C:\Users\Ross\Desktop\stuf\faces\Proyectos\showcase\src
325,0,1,8,4,80.0,0.0,0.0125,Mailbox,C:\Users\Ross\Desktop\stuf\faces\Proyectos\showcase\src
325,0,0,26,12,80.0,0.0,0.0,MapBean,C:\Users\Ross\Desktop\stuf\faces\Proyectos\showcase\src
325,0,0,12,6,80.0,0.0,0.0,MaskController,C:\Users\Ross\Desktop\stuf\faces\Proyectos\showcase\src
325,0,0,2,1,80.0,0.0,0.0,MediaController,C:\Users\Ross\Desktop\stuf\faces\Proyectos\showcase\src
325,0,0,5,1,80.0,0.0,0.0,MenuBean,C:\Users\Ross\Desktop\stuf\faces\Proyectos\showcase\src
325,0,0,4,0,80.0,0.0,0.0,MessagesController,C:\Users\Ross\Desktop\stuf\faces\Proyectos\showcase\src
325,0,0,5,2,80.0,0.0,0.0,MindmapBean,C:\Users\Ross\Desktop\stuf\faces\Proyectos\showcase\src
325,0,0,4,2,80.0,0.0,0.0,OrderListBean,C:\Users\Ross\Desktop\stuf\faces\Proyectos\showcase\src
325,0,0,3,0,80.0,0.0,0.0,PanelBean,C:\Users\Ross\Desktop\stuf\faces\Proyectos\showcase\src
325,0,0,10,5,80.0,0.0,0.0,PasswordBean,C:\Users\Ross\Desktop\stuf\faces\Proyectos\showcase\src
325,0,0,5,2,80.0,0.0,0.0,PersonBean,C:\Users\Ross\Desktop\stuf\faces\Proyectos\showcase\src
325,0,0,3,1,80.0,0.0,0.0,PhotoCamBean,C:\Users\Ross\Desktop\stuf\faces\Proyectos\showcase\src
325,0,0,2,0,80.0,0.0,0.0,PhotoShare,C:\Users\Ross\Desktop\stuf\faces\Proyectos\showcase\src
325,0,0,5,2,80.0,0.0,0.0,PickListBean,C:\Users\Ross\Desktop\stuf\faces\Proyectos\showcase\src
325,0,1,2,1,80.0,0.0,0.0125,PlayerConverter,C:\Users\Ross\Desktop\stuf\faces\Proyectos\showcase\src
325,0,1,2,1,80.0,0.0,0.0125,PlayerDisplay,C:\Users\Ross\Desktop\stuf\faces\Proyectos\showcase\src
325,0,0,35,14,80.0,0.0,0.0,PPRBean,C:\Users\Ross\Desktop\stuf\faces\Proyectos\showcase\src
325,0,0,2,1,80.0,0.0,0.0,ProductDetailBean,C:\Users\Ross\Desktop\stuf\faces\Proyectos\showcase\src
325,0,0,4,2,80.0,0.0,0.0,ProgressBean,C:\Users\Ross\Desktop\stuf\faces\Proyectos\showcase\src
325,0,0,10,4,80.0,0.0,0.0,RatingController,C:\Users\Ross\Desktop\stuf\faces\Proyectos\showcase\src
325,0,0,1,0,80.0,0.0,0.0,ResizeBean,C:\Users\Ross\Desktop\stuf\faces\Proyectos\showcase\src
325,0,1,3,2,80.0,0.0,0.0125,RingBean,C:\Users\Ross\Desktop\stuf\faces\Proyectos\showcase\src
325,0,0,4,2,80.0,0.0,0.0,Sale,C:\Users\Ross\Desktop\stuf\faces\Proyectos\showcase\src
325,0,0,21,3,80.0,0.0,0.0,ScheduleController,C:\Users\Ross\Desktop\stuf\faces\Proyectos\showcase\src
325,0,0,11,5,80.0,0.0,0.0,SliderBean,C:\Users\Ross\Desktop\stuf\faces\Proyectos\showcase\src
325,0,0,14,7,80.0,0.0,0.0,SpinnerController,C:\Users\Ross\Desktop\stuf\faces\Proyectos\showcase\src
325,0,0,6,2,80.0,0.0,0.0,TabBean,C:\Users\Ross\Desktop\stuf\faces\Proyectos\showcase\src
325,0,10,59,23,80.0,0.0,0.125,TableBean,C:\Users\Ross\Desktop\stuf\faces\Proyectos\showcase\src
325,0,0,2,2,80.0,0.0,0.0,ColumnModel,C:\Users\Ross\Desktop\stuf\faces\Proyectos\showcase\src
325,0,0,2,1,80.0,0.0,0.0,TagCloudBean,C:\Users\Ross\Desktop\stuf\faces\Proyectos\showcase\src
325,0,0,1,0,80.0,0.0,0.0,TerminalController,C:\Users\Ross\Desktop\stuf\faces\Proyectos\showcase\src
325,0,1,7,4,80.0,0.0,0.0125,ThemeSwitcherBean,C:\Users\Ross\Desktop\stuf\faces\Proyectos\showcase\src
325,0,0,13,4,80.0,0.0,0.0,TreeBean,C:\Users\Ross\Desktop\stuf\faces\Proyectos\showcase\src
325,0,0,3,2,80.0,0.0,0.0,TwitterSearchView,C:\Users\Ross\Desktop\stuf\faces\Proyectos\showcase\src
325,0,1,3,1,80.0,0.0,0.0125,UserController,C:\Users\Ross\Desktop\stuf\faces\Proyectos\showcase\src
325,0,1,6,3,80.0,0.0,0.0125,UserWizard,C:\Users\Ross\Desktop\stuf\faces\Proyectos\showcase\src
325,0,0,3,1,80.0,0.0,0.0,ViewparamPushBean,C:\Users\Ross\Desktop\stuf\faces\Proyectos\showcase\src
325,0,0,3,1,80.0,0.0,0.0,WatermarkBean,C:\Users\Ross\Desktop\stuf\faces\Proyectos\showcase\src
325,0,0,49,10,80.0,0.0,0.0,AbstractIntegrationTest,C:\Users\Ross\Desktop\stuf\faces\Proyectos\showcase\src
325,34,0,13,1,80.0,0.425,0.0,SeleniumActionHelper,C:\Users\Ross\Desktop\stuf\faces\Proyectos\showcase\src
325,0,0,1,0,80.0,0.0,0.0,TestingUtils,C:\Users\Ross\Desktop\stuf\faces\Proyectos\showcase\src
325,0,0,4,6,80.0,0.0,0.0,AbstractAccordionIntegrationTest,C:\Users\Ross\Desktop\stuf\faces\Proyectos\showcase\src
325,0,0,4,1,80.0,0.0,0.0,AccordionDataModelIntegrationTest,C:\Users\Ross\Desktop\stuf\faces\Proyectos\showcase\src
325,0,0,3,1,80.0,0.0,0.0,AccordionDisabledIntegrationTest,C:\Users\Ross\Desktop\stuf\faces\Proyectos\showcase\src
325,0,0,3,1,80.0,0.0,0.0,AccordionDynamicIntegrationTest,C:\Users\Ross\Desktop\stuf\faces\Proyectos\showcase\src
325,0,0,3,1,80.0,0.0,0.0,AccordionMultipleSelectIntegrationTest,C:\Users\Ross\Desktop\stuf\faces\Proyectos\showcase\src
325,0,0,3,1,80.0,0.0,0.0,AccordionSimpleIntegrationTest,C:\Users\Ross\Desktop\stuf\faces\Proyectos\showcase\src
325,0,0,3,1,80.0,0.0,0.0,AccordionTabChangeListenerIntegrationTest,C:\Users\Ross\Desktop\stuf\faces\Proyectos\showcase\src
325,0,0,1,1,80.0,0.0,0.0,AjaxCounterIntegrationTest,C:\Users\Ross\Desktop\stuf\faces\Proyectos\showcase\src
325,0,0,3,4,80.0,0.0,0.0,AjaxDataTableIntegrationTest,C:\Users\Ross\Desktop\stuf\faces\Proyectos\showcase\src
325,0,0,2,7,80.0,0.0,0.0,AjaxifyKeyEventsIntegrationTest,C:\Users\Ross\Desktop\stuf\faces\Proyectos\showcase\src
325,0,0,2,3,80.0,0.0,0.0,AjaxifyListenerIntegrationTest,C:\Users\Ross\Desktop\stuf\faces\Proyectos\showcase\src
325,0,0,2,6,80.0,0.0,0.0,AjaxifyPartialSubmitIntegrationTest,C:\Users\Ross\Desktop\stuf\faces\Proyectos\showcase\src
325,0,0,2,4,80.0,0.0,0.0,AjaxifyValidationsIntegrationTest,C:\Users\Ross\Desktop\stuf\faces\Proyectos\showcase\src
325,0,0,2,2,80.0,0.0,0.0,AjaxPollIntegrationTest,C:\Users\Ross\Desktop\stuf\faces\Proyectos\showcase\src
325,0,0,4,15,80.0,0.0,0.0,PPRAjaxStatusIntegrationTest,C:\Users\Ross\Desktop\stuf\faces\Proyectos\showcase\src
325,0,0,4,14,80.0,0.0,0.0,PPRAjaxStatusScriptIntegrationTest,C:\Users\Ross\Desktop\stuf\faces\Proyectos\showcase\src
325,0,0,5,13,80.0,0.0,0.0,PPRAjaxValidationsIntegrationTest,C:\Users\Ross\Desktop\stuf\faces\Proyectos\showcase\src
325,0,0,5,12,80.0,0.0,0.0,PPRPartialTreeProcessIntegrationTest,C:\Users\Ross\Desktop\stuf\faces\Proyectos\showcase\src
325,0,0,3,3,80.0,0.0,0.0,PPRSelectIntegrationTest,C:\Users\Ross\Desktop\stuf\faces\Proyectos\showcase\src
325,0,0,1,1,80.0,0.0,0.0,PPRSimpleIntegrationTest,C:\Users\Ross\Desktop\stuf\faces\Proyectos\showcase\src
325,0,0,2,4,80.0,0.0,0.0,RemoteCommandIntegrationTest,C:\Users\Ross\Desktop\stuf\faces\Proyectos\showcase\src
325,0,0,3,4,80.0,0.0,0.0,AjaxPollStartStopIntegrationTest,C:\Users\Ross\Desktop\stuf\faces\Proyectos\showcase\src
325,0,0,2,0,80.0,0.0,0.0,AbstractAutoCompleteTest,C:\Users\Ross\Desktop\stuf\faces\Proyectos\showcase\src
325,0,0,4,0,80.0,0.0,0.0,AutoCompleteListenerIntegrationTest,C:\Users\Ross\Desktop\stuf\faces\Proyectos\showcase\src
325,0,0,4,0,80.0,0.0,0.0,AutoCompleteMultipleIntegrationTest,C:\Users\Ross\Desktop\stuf\faces\Proyectos\showcase\src
325,0,0,4,0,80.0,0.0,0.0,AutoCompletePojoIntegrationTest,C:\Users\Ross\Desktop\stuf\faces\Proyectos\showcase\src
325,0,0,8,0,80.0,0.0,0.0,AutoCompleteSimpleIntegrationTest,C:\Users\Ross\Desktop\stuf\faces\Proyectos\showcase\src
325,0,0,3,0,80.0,0.0,0.0,BreadCrumbIntegrationTest,C:\Users\Ross\Desktop\stuf\faces\Proyectos\showcase\src
325,0,0,5,0,80.0,0.0,0.0,ButtonIntegrationTest,C:\Users\Ross\Desktop\stuf\faces\Proyectos\showcase\src
325,0,1,2,1,80.0,0.0,0.0125,CalendarAjaxIntegrationTest,C:\Users\Ross\Desktop\stuf\faces\Proyectos\showcase\src
325,0,1,6,1,80.0,0.0,0.0125,CalendarBasicIntegrationTest,C:\Users\Ross\Desktop\stuf\faces\Proyectos\showcase\src
325,0,0,2,0,80.0,0.0,0.0,CalendarButtonPanelIntegrationTest,C:\Users\Ross\Desktop\stuf\faces\Proyectos\showcase\src
325,0,1,7,1,80.0,0.0,0.0125,CalendarLocalizationIntegrationTest,C:\Users\Ross\Desktop\stuf\faces\Proyectos\showcase\src
325,0,1,3,1,80.0,0.0,0.0125,CalendarMultipleMonthsIntegrationTest,C:\Users\Ross\Desktop\stuf\faces\Proyectos\showcase\src
325,0,1,3,2,80.0,0.0,0.0125,CalendarNavigatorIntegrationTest,C:\Users\Ross\Desktop\stuf\faces\Proyectos\showcase\src
325,5,0,6,2,80.0,0.0625,0.0,CalendarTestingHelper,C:\Users\Ross\Desktop\stuf\faces\Proyectos\showcase\src
325,0,0,3,1,80.0,0.0,0.0,CaptchaCustomIntegrationTest,C:\Users\Ross\Desktop\stuf\faces\Proyectos\showcase\src
325,0,0,3,1,80.0,0.0,0.0,CaptchaSimpleIntegrationTest,C:\Users\Ross\Desktop\stuf\faces\Proyectos\showcase\src
325,0,1,7,3,80.0,0.0,0.0125,CarouselIntegrationTest,C:\Users\Ross\Desktop\stuf\faces\Proyectos\showcase\src
325,0,0,4,0,80.0,0.0,0.0,CarouselSelectionIntegrationTest,C:\Users\Ross\Desktop\stuf\faces\Proyectos\showcase\src
325,0,1,3,3,80.0,0.0,0.0125,CarouselSlideShowIntegrationTest,C:\Users\Ross\Desktop\stuf\faces\Proyectos\showcase\src
325,0,1,3,3,80.0,0.0,0.0125,CarouselTabsIntegrationTest,C:\Users\Ross\Desktop\stuf\faces\Proyectos\showcase\src
325,3,0,3,1,80.0,0.0375,0.0,CarouselTestingHelper,C:\Users\Ross\Desktop\stuf\faces\Proyectos\showcase\src
325,0,0,2,0,80.0,0.0,0.0,AreaChartIntegrationTest,C:\Users\Ross\Desktop\stuf\faces\Proyectos\showcase\src
325,0,0,2,0,80.0,0.0,0.0,BarChartIntegrationTest,C:\Users\Ross\Desktop\stuf\faces\Proyectos\showcase\src
325,0,0,2,0,80.0,0.0,0.0,BubbleChartIntegrationTest,C:\Users\Ross\Desktop\stuf\faces\Proyectos\showcase\src
325,0,1,2,1,80.0,0.0,0.0125,DonutChartIntegrationTest,C:\Users\Ross\Desktop\stuf\faces\Proyectos\showcase\src
325,0,1,2,1,80.0,0.0,0.0125,InteractiveChartIntegrationTest,C:\Users\Ross\Desktop\stuf\faces\Proyectos\showcase\src
325,0,0,2,0,80.0,0.0,0.0,JFreeChartIntegrationTest,C:\Users\Ross\Desktop\stuf\faces\Proyectos\showcase\src
325,0,0,2,0,80.0,0.0,0.0,LineChartIntegrationTest,C:\Users\Ross\Desktop\stuf\faces\Proyectos\showcase\src
325,0,1,2,1,80.0,0.0,0.0125,LiveChartIntegrationTest,C:\Users\Ross\Desktop\stuf\faces\Proyectos\showcase\src
325,0,0,2,0,80.0,0.0,0.0,MeterGaugeChartIntegrationTest,C:\Users\Ross\Desktop\stuf\faces\Proyectos\showcase\src
325,0,0,2,0,80.0,0.0,0.0,OhlcChartIntegrationTest,C:\Users\Ross\Desktop\stuf\faces\Proyectos\showcase\src
325,0,1,2,1,80.0,0.0,0.0125,PieChartIntegrationTest,C:\Users\Ross\Desktop\stuf\faces\Proyectos\showcase\src
325,0,0,7,0,80.0,0.0,0.0,CollectorIntegrationTest,C:\Users\Ross\Desktop\stuf\faces\Proyectos\showcase\src
325,0,1,4,2,80.0,0.0,0.0125,ColorPickerIntegrationTest,C:\Users\Ross\Desktop\stuf\faces\Proyectos\showcase\src
325,0,0,12,0,80.0,0.0,0.0,CommandButtonIntegrationTest,C:\Users\Ross\Desktop\stuf\faces\Proyectos\showcase\src
325,0,0,7,0,80.0,0.0,0.0,CommandLinkIntegrationTest,C:\Users\Ross\Desktop\stuf\faces\Proyectos\showcase\src
325,0,0,3,0,80.0,0.0,0.0,ConfirmDialogIntegrationTest,C:\Users\Ross\Desktop\stuf\faces\Proyectos\showcase\src
325,0,1,3,1,80.0,0.0,0.0125,BasicContextMenuIntegrationTest,C:\Users\Ross\Desktop\stuf\faces\Proyectos\showcase\src
325,0,1,3,1,80.0,0.0,0.0125,DataTableContextMenuIntegrationTest,C:\Users\Ross\Desktop\stuf\faces\Proyectos\showcase\src
325,0,1,3,1,80.0,0.0,0.0125,ImageSwitchContextMenuIntegrationTest,C:\Users\Ross\Desktop\stuf\faces\Proyectos\showcase\src
325,0,1,3,1,80.0,0.0,0.0125,TreeContextMenuIntegrationTest,C:\Users\Ross\Desktop\stuf\faces\Proyectos\showcase\src
325,0,1,3,1,80.0,0.0,0.0125,TreeTableContextMenuIntegrationTest,C:\Users\Ross\Desktop\stuf\faces\Proyectos\showcase\src
325,0,0,2,0,80.0,0.0,0.0,DashboardIntegrationTest,C:\Users\Ross\Desktop\stuf\faces\Proyectos\showcase\src
325,0,0,5,0,80.0,0.0,0.0,DataExporterColumnExcludeIntegrationTest,C:\Users\Ross\Desktop\stuf\faces\Proyectos\showcase\src
325,0,0,3,0,80.0,0.0,0.0,DataExporterExporterProcessorIntegrationTest,C:\Users\Ross\Desktop\stuf\faces\Proyectos\showcase\src
325,0,0,5,0,80.0,0.0,0.0,DataExporterIntegrationTest,C:\Users\Ross\Desktop\stuf\faces\Proyectos\showcase\src
325,0,0,2,0,80.0,0.0,0.0,DataGridIntegrationTest,C:\Users\Ross\Desktop\stuf\faces\Proyectos\showcase\src
325,0,0,2,0,80.0,0.0,0.0,DataListDefinitionIntegrationTest,C:\Users\Ross\Desktop\stuf\faces\Proyectos\showcase\src
325,0,0,5,0,80.0,0.0,0.0,DataListOrderedIntegrationTest,C:\Users\Ross\Desktop\stuf\faces\Proyectos\showcase\src
325,0,0,2,0,80.0,0.0,0.0,DataListPaginationIntegrationTest,C:\Users\Ross\Desktop\stuf\faces\Proyectos\showcase\src
325,0,0,4,0,80.0,0.0,0.0,DataListUnorderedIntegrationTest,C:\Users\Ross\Desktop\stuf\faces\Proyectos\showcase\src
325,0,0,8,4,80.0,0.0,0.0,AbstractDataTableIntegrationTest,C:\Users\Ross\Desktop\stuf\faces\Proyectos\showcase\src
325,0,0,2,1,80.0,0.0,0.0,DataTableBasicRowSelectionIntegrationTest,C:\Users\Ross\Desktop\stuf\faces\Proyectos\showcase\src
325,0,0,3,1,80.0,0.0,0.0,DataTableColoringIntegrationTest,C:\Users\Ross\Desktop\stuf\faces\Proyectos\showcase\src
325,0,0,11,1,80.0,0.0,0.0,DataTableContextIntegrationTest,C:\Users\Ross\Desktop\stuf\faces\Proyectos\showcase\src
325,0,1,2,2,80.0,0.0,0.0125,DataTableContextMenuIntegrationTest,C:\Users\Ross\Desktop\stuf\faces\Proyectos\showcase\src
325,0,0,3,1,80.0,0.0,0.0,DataTableDynamicColumnsIntegrationTest,C:\Users\Ross\Desktop\stuf\faces\Proyectos\showcase\src
325,0,0,6,1,80.0,0.0,0.0,DataTableFilteringIntegrationTest,C:\Users\Ross\Desktop\stuf\faces\Proyectos\showcase\src
325,0,0,6,1,80.0,0.0,0.0,DataTableGroupingIntegrationTest,C:\Users\Ross\Desktop\stuf\faces\Proyectos\showcase\src
325,0,0,5,0,80.0,0.0,0.0,DataTableHeaderFooterIntegrationTest,C:\Users\Ross\Desktop\stuf\faces\Proyectos\showcase\src
325,0,0,3,3,80.0,0.0,0.0,DataTableInCellEditingIntegrationTest,C:\Users\Ross\Desktop\stuf\faces\Proyectos\showcase\src
325,0,0,2,0,80.0,0.0,0.0,DataTableInstantRowSelectionIntegrationTest,C:\Users\Ross\Desktop\stuf\faces\Proyectos\showcase\src
325,0,1,2,2,80.0,0.0,0.0125,DataTableLazyLoadingIntegrationTest,C:\Users\Ross\Desktop\stuf\faces\Proyectos\showcase\src
325,0,1,1,1,80.0,0.0,0.0125,DataTableMultipleRowSelectionIntegrationTest,C:\Users\Ross\Desktop\stuf\faces\Proyectos\showcase\src
325,0,0,6,1,80.0,0.0,0.0,DataTablePaginationIntegrationTest,C:\Users\Ross\Desktop\stuf\faces\Proyectos\showcase\src
325,0,0,3,0,80.0,0.0,0.0,DataTableRadioCheckBoxSelectionIntegrationTest,C:\Users\Ross\Desktop\stuf\faces\Proyectos\showcase\src
325,0,1,2,2,80.0,0.0,0.0125,DataTableResizableIntegrationTest,C:\Users\Ross\Desktop\stuf\faces\Proyectos\showcase\src
325,0,0,9,0,80.0,0.0,0.0,DataTableRowExpansionIntegrationTest,C:\Users\Ross\Desktop\stuf\faces\Proyectos\showcase\src
325,0,0,2,1,80.0,0.0,0.0,DataTableScrollingIntegrationTest,C:\Users\Ross\Desktop\stuf\faces\Proyectos\showcase\src
325,0,0,3,0,80.0,0.0,0.0,DataTableSimpleIntegrationTest,C:\Users\Ross\Desktop\stuf\faces\Proyectos\showcase\src
325,0,0,2,0,80.0,0.0,0.0,DataTableSingleRowSelection,C:\Users\Ross\Desktop\stuf\faces\Proyectos\showcase\src
325,0,0,2,0,80.0,0.0,0.0,DataTableSortingIntegrationTest,C:\Users\Ross\Desktop\stuf\faces\Proyectos\showcase\src
325,0,0,7,1,80.0,0.0,0.0,DataTableSubTableIntegrationTest,C:\Users\Ross\Desktop\stuf\faces\Proyectos\showcase\src
325,0,0,7,0,80.0,0.0,0.0,DataTableSummaryRowIntegrationTest,C:\Users\Ross\Desktop\stuf\faces\Proyectos\showcase\src
325,0,0,4,0,80.0,0.0,0.0,DialogBasicIntegrationTest,C:\Users\Ross\Desktop\stuf\faces\Proyectos\showcase\src
325,0,0,2,0,80.0,0.0,0.0,DialogCloseListenerIntegrationTest,C:\Users\Ross\Desktop\stuf\faces\Proyectos\showcase\src
325,0,0,2,0,80.0,0.0,0.0,DialogDynamicContentIntegrationTest,C:\Users\Ross\Desktop\stuf\faces\Proyectos\showcase\src
325,0,0,2,0,80.0,0.0,0.0,DialogFormIntegrationTest,C:\Users\Ross\Desktop\stuf\faces\Proyectos\showcase\src
325,0,0,3,0,80.0,0.0,0.0,DialogLoginIntegrationTest,C:\Users\Ross\Desktop\stuf\faces\Proyectos\showcase\src
325,0,0,5,0,80.0,0.0,0.0,DialogMinMaxIntegrationTest,C:\Users\Ross\Desktop\stuf\faces\Proyectos\showcase\src
325,0,1,3,3,80.0,0.0,0.0125,DockIntegrationTest,C:\Users\Ross\Desktop\stuf\faces\Proyectos\showcase\src
325,0,1,12,12,80.0,0.0,0.0125,DragDropBasicIntegrationTest,C:\Users\Ross\Desktop\stuf\faces\Proyectos\showcase\src
325,0,1,4,7,80.0,0.0,0.0125,DragDropDataGridIntegrationTest,C:\Users\Ross\Desktop\stuf\faces\Proyectos\showcase\src
325,0,1,4,7,80.0,0.0,0.0125,DragDropDataTableIntegrationTest,C:\Users\Ross\Desktop\stuf\faces\Proyectos\showcase\src
325,0,0,2,1,80.0,0.0,0.0,DragDropFMIntegrationTest,C:\Users\Ross\Desktop\stuf\faces\Proyectos\showcase\src
325,0,0,2,1,80.0,0.0,0.0,DynaImageIntegrationTest,C:\Users\Ross\Desktop\stuf\faces\Proyectos\showcase\src
325,0,0,3,0,80.0,0.0,0.0,EditorIntegrationTest,C:\Users\Ross\Desktop\stuf\faces\Proyectos\showcase\src
325,0,1,3,2,80.0,0.0,0.0125,EffectsCatalogIntegrationTest,C:\Users\Ross\Desktop\stuf\faces\Proyectos\showcase\src
325,0,0,3,1,80.0,0.0,0.0,EffectsOnLoadIntegrationTest,C:\Users\Ross\Desktop\stuf\faces\Proyectos\showcase\src
325,0,0,3,1,80.0,0.0,0.0,EffectsTargetIntegrationTest,C:\Users\Ross\Desktop\stuf\faces\Proyectos\showcase\src
325,0,0,2,3,80.0,0.0,0.0,FeedReaderIntegrationTest,C:\Users\Ross\Desktop\stuf\faces\Proyectos\showcase\src
325,0,0,3,0,80.0,0.0,0.0,FieldSetIntegrationTest,C:\Users\Ross\Desktop\stuf\faces\Proyectos\showcase\src
325,0,0,2,0,80.0,0.0,0.0,FileDownloadIntegrationTest,C:\Users\Ross\Desktop\stuf\faces\Proyectos\showcase\src
325,0,0,3,0,80.0,0.0,0.0,FocusIntegrationTest,C:\Users\Ross\Desktop\stuf\faces\Proyectos\showcase\src
325,0,0,3,0,80.0,0.0,0.0,ContentGalleriaIntegrationTest,C:\Users\Ross\Desktop\stuf\faces\Proyectos\showcase\src
325,0,0,2,0,80.0,0.0,0.0,CustomGalleriaIntegrationTest,C:\Users\Ross\Desktop\stuf\faces\Proyectos\showcase\src
325,0,0,2,0,80.0,0.0,0.0,SimpleGalleriaIntegrationTest,C:\Users\Ross\Desktop\stuf\faces\Proyectos\showcase\src
325,0,0,2,1,80.0,0.0,0.0,GMapAddMarkersIntegrationTest,C:\Users\Ross\Desktop\stuf\faces\Proyectos\showcase\src
325,0,0,2,1,80.0,0.0,0.0,GMapCirclesIntegrationTest,C:\Users\Ross\Desktop\stuf\faces\Proyectos\showcase\src
325,0,0,2,1,80.0,0.0,0.0,GMapControlsIntegrationTest,C:\Users\Ross\Desktop\stuf\faces\Proyectos\showcase\src
325,0,0,3,1,80.0,0.0,0.0,GMapDialogIntegrationTest,C:\Users\Ross\Desktop\stuf\faces\Proyectos\showcase\src
325,0,0,2,1,80.0,0.0,0.0,GMapDragMarkersIntegrationTest,C:\Users\Ross\Desktop\stuf\faces\Proyectos\showcase\src
325,0,0,2,1,80.0,0.0,0.0,GMapEventsIntegrationTest,C:\Users\Ross\Desktop\stuf\faces\Proyectos\showcase\src
325,0,0,2,1,80.0,0.0,0.0,GMapInfoWindowIntegrationTest,C:\Users\Ross\Desktop\stuf\faces\Proyectos\showcase\src
325,0,0,2,1,80.0,0.0,0.0,GMapMarkerSelectionIntegrationTest,C:\Users\Ross\Desktop\stuf\faces\Proyectos\showcase\src
325,0,0,2,1,80.0,0.0,0.0,GMapMarkersIntegrationTest,C:\Users\Ross\Desktop\stuf\faces\Proyectos\showcase\src
325,0,0,2,1,80.0,0.0,0.0,GMapPolygonsIntegrationTest,C:\Users\Ross\Desktop\stuf\faces\Proyectos\showcase\src
325,0,0,2,1,80.0,0.0,0.0,GMapPolylinesIntegrationTest,C:\Users\Ross\Desktop\stuf\faces\Proyectos\showcase\src
325,0,0,2,1,80.0,0.0,0.0,GMapRectanglesIntegrationTest,C:\Users\Ross\Desktop\stuf\faces\Proyectos\showcase\src
325,0,0,2,1,80.0,0.0,0.0,GMapSimpleIntegrationTest,C:\Users\Ross\Desktop\stuf\faces\Proyectos\showcase\src
325,0,0,2,1,80.0,0.0,0.0,GMapStreetViewIntegrationTest,C:\Users\Ross\Desktop\stuf\faces\Proyectos\showcase\src
325,0,0,2,1,80.0,0.0,0.0,GrowlBasicIntegrationTest,C:\Users\Ross\Desktop\stuf\faces\Proyectos\showcase\src
325,0,0,2,0,80.0,0.0,0.0,HotkeyIntegrationTest,C:\Users\Ross\Desktop\stuf\faces\Proyectos\showcase\src
325,0,0,2,0,80.0,0.0,0.0,IdleMonitorIntegrationTest,C:\Users\Ross\Desktop\stuf\faces\Proyectos\showcase\src
325,0,1,5,3,80.0,0.0,0.0125,ImageCompareIntegrationTest,C:\Users\Ross\Desktop\stuf\faces\Proyectos\showcase\src
325,0,1,3,2,80.0,0.0,0.0125,ImageCropperIntegrationTest,C:\Users\Ross\Desktop\stuf\faces\Proyectos\showcase\src
325,0,1,4,2,80.0,0.0,0.0125,ImageSwitchIntegrationTest,C:\Users\Ross\Desktop\stuf\faces\Proyectos\showcase\src
325,0,1,7,1,80.0,0.0,0.0125,InplaceIntegrationTest,C:\Users\Ross\Desktop\stuf\faces\Proyectos\showcase\src
325,0,0,8,0,80.0,0.0,0.0,InputMaskIntegrationTest,C:\Users\Ross\Desktop\stuf\faces\Proyectos\showcase\src
325,0,0,2,0,80.0,0.0,0.0,InputTextIntegrationTest,C:\Users\Ross\Desktop\stuf\faces\Proyectos\showcase\src
325,0,0,2,0,80.0,0.0,0.0,InputTextareaIntegrationTest,C:\Users\Ross\Desktop\stuf\faces\Proyectos\showcase\src
325,0,1,3,2,80.0,0.0,0.0125,KeyboardCompleteIntegrationTest,C:\Users\Ross\Desktop\stuf\faces\Proyectos\showcase\src
325,0,0,4,0,80.0,0.0,0.0,LightBoxIntegrationTest,C:\Users\Ross\Desktop\stuf\faces\Proyectos\showcase\src
325,0,0,6,0,80.0,0.0,0.0,LogIntegrationTest,C:\Users\Ross\Desktop\stuf\faces\Proyectos\showcase\src
325,0,0,2,0,80.0,0.0,0.0,MediaIntegrationTest,C:\Users\Ross\Desktop\stuf\faces\Proyectos\showcase\src
325,0,0,4,0,80.0,0.0,0.0,MenuIntegrationTest,C:\Users\Ross\Desktop\stuf\faces\Proyectos\showcase\src
325,0,1,4,1,80.0,0.0,0.0125,MenubarIntegrationTest,C:\Users\Ross\Desktop\stuf\faces\Proyectos\showcase\src
325,0,0,4,0,80.0,0.0,0.0,MenuButtonIntegrationTest,C:\Users\Ross\Desktop\stuf\faces\Proyectos\showcase\src
325,0,0,5,0,80.0,0.0,0.0,MessagesIntegrationTest,C:\Users\Ross\Desktop\stuf\faces\Proyectos\showcase\src
325,0,0,3,1,80.0,0.0,0.0,NotificationBarIntegrationTest,C:\Users\Ross\Desktop\stuf\faces\Proyectos\showcase\src
325,0,0,6,0,80.0,0.0,0.0,OrderListIntegrationTest,C:\Users\Ross\Desktop\stuf\faces\Proyectos\showcase\src
325,0,0,4,0,80.0,0.0,0.0,OutputPanelIntegrationTest,C:\Users\Ross\Desktop\stuf\faces\Proyectos\showcase\src
325,0,1,3,2,80.0,0.0,0.0125,OverlayPanelBasicIntegrationTest,C:\Users\Ross\Desktop\stuf\faces\Proyectos\showcase\src
325,0,0,7,0,80.0,0.0,0.0,PasswordIntegrationTest,C:\Users\Ross\Desktop\stuf\faces\Proyectos\showcase\src
325,0,0,12,5,80.0,0.0,0.0,PickListIntegrationTest,C:\Users\Ross\Desktop\stuf\faces\Proyectos\showcase\src
325,0,0,9,6,80.0,0.0,0.0,PickListPojoIntegrationTest,C:\Users\Ross\Desktop\stuf\faces\Proyectos\showcase\src
325,0,0,3,0,80.0,0.0,0.0,ProgressBarIntegrationTest,C:\Users\Ross\Desktop\stuf\faces\Proyectos\showcase\src
325,0,0,2,0,80.0,0.0,0.0,RequestContextIntegrationTest,C:\Users\Ross\Desktop\stuf\faces\Proyectos\showcase\src
325,0,1,4,2,80.0,0.0,0.0125,ResizableAjaxIntegrationTest,C:\Users\Ross\Desktop\stuf\faces\Proyectos\showcase\src
325,0,1,11,2,80.0,0.0,0.0125,ResizableBasicIntegrationTest,C:\Users\Ross\Desktop\stuf\faces\Proyectos\showcase\src
325,0,0,3,0,80.0,0.0,0.0,RingIntegrationTest,C:\Users\Ross\Desktop\stuf\faces\Proyectos\showcase\src
325,0,1,19,2,80.0,0.0,0.0125,ScheduleIntegrationTest,C:\Users\Ross\Desktop\stuf\faces\Proyectos\showcase\src
325,0,0,2,0,80.0,0.0,0.0,ScheduleLocalizationIntegrationTest,C:\Users\Ross\Desktop\stuf\faces\Proyectos\showcase\src
325,0,0,3,0,80.0,0.0,0.0,ScrollPanelIntegrationTest,C:\Users\Ross\Desktop\stuf\faces\Proyectos\showcase\src
325,0,0,3,1,80.0,0.0,0.0,SelectBoolButtonBasicIntegrationTest,C:\Users\Ross\Desktop\stuf\faces\Proyectos\showcase\src
325,0,0,3,1,80.0,0.0,0.0,SelectCheckboxMenuBasicIntegrationTest,C:\Users\Ross\Desktop\stuf\faces\Proyectos\showcase\src
325,0,0,3,1,80.0,0.0,0.0,SelectManyButtonBasicIntegrationTest,C:\Users\Ross\Desktop\stuf\faces\Proyectos\showcase\src
325,0,0,3,1,80.0,0.0,0.0,SelectManyCheckboxBasicIntegrationTest,C:\Users\Ross\Desktop\stuf\faces\Proyectos\showcase\src
325,0,1,4,2,80.0,0.0,0.0125,SelectManyMenuIntegrationTest,C:\Users\Ross\Desktop\stuf\faces\Proyectos\showcase\src
325,0,0,3,0,80.0,0.0,0.0,SelectOneListBoxIntegrationTest,C:\Users\Ross\Desktop\stuf\faces\Proyectos\showcase\src
325,0,0,2,0,80.0,0.0,0.0,SelectOneMenuIntegrationTest,C:\Users\Ross\Desktop\stuf\faces\Proyectos\showcase\src
325,0,0,3,0,80.0,0.0,0.0,SelectOneRadioBoxIntegrationTest,C:\Users\Ross\Desktop\stuf\faces\Proyectos\showcase\src
325,0,0,3,1,80.0,0.0,0.0,SeparatorIntegrationTest,C:\Users\Ross\Desktop\stuf\faces\Proyectos\showcase\src
325,0,0,2,0,80.0,0.0,0.0,SpacerIntegrationTest,C:\Users\Ross\Desktop\stuf\faces\Proyectos\showcase\src
325,0,0,3,1,80.0,0.0,0.0,StackBasicIntegrationTest,C:\Users\Ross\Desktop\stuf\faces\Proyectos\showcase\src
325,0,0,5,0,80.0,0.0,0.0,StarRatingIntegrationTest,C:\Users\Ross\Desktop\stuf\faces\Proyectos\showcase\src
325,0,0,3,0,80.0,0.0,0.0,DynamicTabViewIntegrationTest,C:\Users\Ross\Desktop\stuf\faces\Proyectos\showcase\src
325,0,0,3,0,80.0,0.0,0.0,SimpleTabViewIntegrationTest,C:\Users\Ross\Desktop\stuf\faces\Proyectos\showcase\src
325,0,0,2,0,80.0,0.0,0.0,TabViewChangeListenerIntegrationTest,C:\Users\Ross\Desktop\stuf\faces\Proyectos\showcase\src
325,0,0,2,0,80.0,0.0,0.0,TabViewClosableIntegrationTest,C:\Users\Ross\Desktop\stuf\faces\Proyectos\showcase\src
325,0,0,2,0,80.0,0.0,0.0,TabViewDisabledIntegrationTest,C:\Users\Ross\Desktop\stuf\faces\Proyectos\showcase\src
325,0,0,2,0,80.0,0.0,0.0,TabViewModelIntegratinoTest,C:\Users\Ross\Desktop\stuf\faces\Proyectos\showcase\src
325,0,0,2,0,80.0,0.0,0.0,TabViewOrientationIntegrationTest,C:\Users\Ross\Desktop\stuf\faces\Proyectos\showcase\src
325,0,0,2,0,80.0,0.0,0.0,TagCloudIntegrationTest,C:\Users\Ross\Desktop\stuf\faces\Proyectos\showcase\src
325,0,0,3,1,80.0,0.0,0.0,TerminalDialogIntegrationTest,C:\Users\Ross\Desktop\stuf\faces\Proyectos\showcase\src
325,0,0,3,1,80.0,0.0,0.0,TerminalIntegrationTest,C:\Users\Ross\Desktop\stuf\faces\Proyectos\showcase\src
325,0,0,4,4,80.0,0.0,0.0,ThemeSwitcherIntegrationTest,C:\Users\Ross\Desktop\stuf\faces\Proyectos\showcase\src
325,0,1,6,1,80.0,0.0,0.0125,TooltipIntegrationTest,C:\Users\Ross\Desktop\stuf\faces\Proyectos\showcase\src
325,0,0,4,1,80.0,0.0,0.0,BasicTreeIntegrationTest,C:\Users\Ross\Desktop\stuf\faces\Proyectos\showcase\src
325,0,0,4,1,80.0,0.0,0.0,TreeAjaxIntegrationTest,C:\Users\Ross\Desktop\stuf\faces\Proyectos\showcase\src
325,0,0,9,2,80.0,0.0,0.0,TreeCheckBoxSelectionIntegrationTest,C:\Users\Ross\Desktop\stuf\faces\Proyectos\showcase\src
325,0,1,2,2,80.0,0.0,0.0125,TreeContextMenuIntegrationTest,C:\Users\Ross\Desktop\stuf\faces\Proyectos\showcase\src
325,0,0,6,1,80.0,0.0,0.0,TreeIconsIntegrationTest,C:\Users\Ross\Desktop\stuf\faces\Proyectos\showcase\src
325,0,1,2,2,80.0,0.0,0.0125,TreeListenersIntegrationTest,C:\Users\Ross\Desktop\stuf\faces\Proyectos\showcase\src
325,0,0,6,2,80.0,0.0,0.0,TreeMultipleSelectionIntegrationTest,C:\Users\Ross\Desktop\stuf\faces\Proyectos\showcase\src
325,0,0,6,2,80.0,0.0,0.0,TreeSingleSelectionIntegrationTest,C:\Users\Ross\Desktop\stuf\faces\Proyectos\showcase\src
325,0,0,4,1,80.0,0.0,0.0,TreeTableBasicIntegrationTest,C:\Users\Ross\Desktop\stuf\faces\Proyectos\showcase\src
325,0,1,4,2,80.0,0.0,0.0125,TreeTableContextMenuIntegrationTest,C:\Users\Ross\Desktop\stuf\faces\Proyectos\showcase\src
325,0,0,4,1,80.0,0.0,0.0,TreeTableEventsIntegrationTest,C:\Users\Ross\Desktop\stuf\faces\Proyectos\showcase\src
325,0,0,2,1,80.0,0.0,0.0,TreeTableScrollableIntegrationTest,C:\Users\Ross\Desktop\stuf\faces\Proyectos\showcase\src
325,0,0,4,1,80.0,0.0,0.0,TreeTableSelectionIntegrationTest,C:\Users\Ross\Desktop\stuf\faces\Proyectos\showcase\src
325,0,0,6,0,80.0,0.0,0.0,WatermarkIntegrationTest,C:\Users\Ross\Desktop\stuf\faces\Proyectos\showcase\src
325,0,0,4,0,80.0,0.0,0.0,WizardIntegrationTest,C:\Users\Ross\Desktop\stuf\faces\Proyectos\showcase\src
3,0,3,7,3,3.0,0.0,1.0,TodoController,C:\Users\Ross\Desktop\stuf\faces\Proyectos\todo-list-primefaces\src
3,2,0,5,3,3.0,0.6666666666666666,0.0,Todo,C:\Users\Ross\Desktop\stuf\faces\Proyectos\todo-list-primefaces\src
3,1,0,3,1,3.0,0.3333333333333333,0.0,TodoListModel,C:\Users\Ross\Desktop\stuf\faces\Proyectos\todo-list-primefaces\src
44,0,0,2,0,47.0,0.0,0.0,AppServletListener,C:\Users\Ross\Desktop\stuf\faces\Proyectos\upcdew-deportivoapp\src
44,0,5,36,13,47.0,0.0,0.10638297872340426,MantenimientoExamenFisicoBean,C:\Users\Ross\Desktop\stuf\faces\Proyectos\upcdew-deportivoapp\src
44,0,4,50,22,47.0,0.0,0.0851063829787234,MantenimientoExamenMedicoBean,C:\Users\Ross\Desktop\stuf\faces\Proyectos\upcdew-deportivoapp\src
44,0,2,27,11,47.0,0.0,0.0425531914893617,MantenimientoJugadorBean,C:\Users\Ross\Desktop\stuf\faces\Proyectos\upcdew-deportivoapp\src
44,0,7,22,9,47.0,0.0,0.14893617021276595,MantenimientoJugadorPartidoBean,C:\Users\Ross\Desktop\stuf\faces\Proyectos\upcdew-deportivoapp\src
44,0,3,8,3,47.0,0.0,0.06382978723404255,MantenimientoPartidoBean,C:\Users\Ross\Desktop\stuf\faces\Proyectos\upcdew-deportivoapp\src
44,0,1,17,9,47.0,0.0,0.02127659574468085,ReporteResultadoPartidoBean,C:\Users\Ross\Desktop\stuf\faces\Proyectos\upcdew-deportivoapp\src
44,0,0,4,0,47.0,0.0,0.0,WelcomeServlet,C:\Users\Ross\Desktop\stuf\faces\Proyectos\upcdew-deportivoapp\src
44,1,0,3,0,47.0,0.02127659574468085,0.0,ExamenFisicoDao,C:\Users\Ross\Desktop\stuf\faces\Proyectos\upcdew-deportivoapp\src
44,1,0,3,0,47.0,0.02127659574468085,0.0,ExamenMedicoDao,C:\Users\Ross\Desktop\stuf\faces\Proyectos\upcdew-deportivoapp\src
44,1,0,3,0,47.0,0.02127659574468085,0.0,JugadorDao,C:\Users\Ross\Desktop\stuf\faces\Proyectos\upcdew-deportivoapp\src
44,1,0,1,0,47.0,0.02127659574468085,0.0,JugadorPartidoDao,C:\Users\Ross\Desktop\stuf\faces\Proyectos\upcdew-deportivoapp\src
44,2,0,4,0,47.0,0.0425531914893617,0.0,PartidoDao,C:\Users\Ross\Desktop\stuf\faces\Proyectos\upcdew-deportivoapp\src
44,0,0,3,2,47.0,0.0,0.0,ExamenFisicoDaoImplement,C:\Users\Ross\Desktop\stuf\faces\Proyectos\upcdew-deportivoapp\src
44,0,0,3,2,47.0,0.0,0.0,ExamenMedicoDaoImplement,C:\Users\Ross\Desktop\stuf\faces\Proyectos\upcdew-deportivoapp\src
44,0,0,3,2,47.0,0.0,0.0,JugadorDaoImplement,C:\Users\Ross\Desktop\stuf\faces\Proyectos\upcdew-deportivoapp\src
44,0,1,1,2,47.0,0.0,0.02127659574468085,JugadorPartidoDaoImplement,C:\Users\Ross\Desktop\stuf\faces\Proyectos\upcdew-deportivoapp\src
44,0,2,4,2,47.0,0.0,0.0425531914893617,PartidoDaoImplement,C:\Users\Ross\Desktop\stuf\faces\Proyectos\upcdew-deportivoapp\src
44,10,0,26,12,47.0,0.2127659574468085,0.0,ExamenFisicoBean,C:\Users\Ross\Desktop\stuf\faces\Proyectos\upcdew-deportivoapp\src
44,7,0,40,20,47.0,0.14893617021276595,0.0,ExamenMedicoBean,C:\Users\Ross\Desktop\stuf\faces\Proyectos\upcdew-deportivoapp\src
44,0,0,14,7,47.0,0.0,0.0,IndisciplinaBean,C:\Users\Ross\Desktop\stuf\faces\Proyectos\upcdew-deportivoapp\src
44,8,4,30,13,47.0,0.1702127659574468,0.0851063829787234,JugadorBean,C:\Users\Ross\Desktop\stuf\faces\Proyectos\upcdew-deportivoapp\src
44,5,1,32,16,47.0,0.10638297872340426,0.02127659574468085,JugadorPartidoBean,C:\Users\Ross\Desktop\stuf\faces\Proyectos\upcdew-deportivoapp\src
44,0,0,8,4,47.0,0.0,0.0,LesionBean,C:\Users\Ross\Desktop\stuf\faces\Proyectos\upcdew-deportivoapp\src
44,7,0,22,11,47.0,0.14893617021276595,0.0,PartidoBean,C:\Users\Ross\Desktop\stuf\faces\Proyectos\upcdew-deportivoapp\src
44,1,0,6,3,47.0,0.02127659574468085,0.0,ReporteResultadoBean,C:\Users\Ross\Desktop\stuf\faces\Proyectos\upcdew-deportivoapp\src
44,0,3,11,2,47.0,0.0,0.06382978723404255,ExamenFisicoImplement,C:\Users\Ross\Desktop\stuf\faces\Proyectos\upcdew-deportivoapp\src
44,1,0,8,0,47.0,0.02127659574468085,0.0,ExamenFisicoService,C:\Users\Ross\Desktop\stuf\faces\Proyectos\upcdew-deportivoapp\src
44,0,3,10,2,47.0,0.0,0.06382978723404255,ExamenMedicoImplement,C:\Users\Ross\Desktop\stuf\faces\Proyectos\upcdew-deportivoapp\src
44,1,0,8,0,47.0,0.02127659574468085,0.0,ExamenMedicoService,C:\Users\Ross\Desktop\stuf\faces\Proyectos\upcdew-deportivoapp\src
44,0,3,10,2,47.0,0.0,0.06382978723404255,JugadorImplement,C:\Users\Ross\Desktop\stuf\faces\Proyectos\upcdew-deportivoapp\src
44,0,4,5,2,47.0,0.0,0.0851063829787234,JugadorPartidoImplement,C:\Users\Ross\Desktop\stuf\faces\Proyectos\upcdew-deportivoapp\src
44,1,0,1,0,47.0,0.02127659574468085,0.0,JugadorPartidoService,C:\Users\Ross\Desktop\stuf\faces\Proyectos\upcdew-deportivoapp\src
44,1,0,8,0,47.0,0.02127659574468085,0.0,JugadorService,C:\Users\Ross\Desktop\stuf\faces\Proyectos\upcdew-deportivoapp\src
44,0,1,4,1,47.0,0.0,0.02127659574468085,PartidoImplement,C:\Users\Ross\Desktop\stuf\faces\Proyectos\upcdew-deportivoapp\src
44,1,0,2,0,47.0,0.02127659574468085,0.0,PartidoService,C:\Users\Ross\Desktop\stuf\faces\Proyectos\upcdew-deportivoapp\src
44,0,0,2,1,47.0,0.0,0.0,AppSqlConfig,C:\Users\Ross\Desktop\stuf\faces\Proyectos\upcdew-deportivoapp\src
44,0,0,21,0,47.0,0.0,0.0,FacesUtils,C:\Users\Ross\Desktop\stuf\faces\Proyectos\upcdew-deportivoapp\src
44,0,0,0,16,47.0,0.0,0.0,Operaciones,C:\Users\Ross\Desktop\stuf\faces\Proyectos\upcdew-deportivoapp\src
44,0,0,0,28,47.0,0.0,0.0,Parametros,C:\Users\Ross\Desktop\stuf\faces\Proyectos\upcdew-deportivoapp\src
44,0,3,48,23,47.0,0.0,0.06382978723404255,BaseManageBean,C:\Users\Ross\Desktop\stuf\faces\Proyectos\upcdew-deportivoapp\src
44,0,0,1,1,47.0,0.0,0.0,DeportivoAppValidator,C:\Users\Ross\Desktop\stuf\faces\Proyectos\upcdew-deportivoapp\src
44,0,0,6,3,47.0,0.0,0.0,MenuBarBean,C:\Users\Ross\Desktop\stuf\faces\Proyectos\upcdew-deportivoapp\src
44,0,0,8,4,47.0,0.0,0.0,UsuarioBean,C:\Users\Ross\Desktop\stuf\faces\Proyectos\upcdew-deportivoapp\src
3,2,0,14,7,3.0,0.6666666666666666,0.0,User,C:\Users\Ross\Desktop\stuf\faces\Proyectos\UsersCrud\src
3,0,2,15,6,3.0,0.0,0.6666666666666666,UserManagedBean,C:\Users\Ross\Desktop\stuf\faces\Proyectos\UsersCrud\src
3,1,1,7,1,3.0,0.3333333333333333,0.3333333333333333,UserService,C:\Users\Ross\Desktop\stuf\faces\Proyectos\UsersCrud\src
14,0,0,1,0,25.0,0.0,0.0,FBOS,C:\Users\Ross\Desktop\stuf\FBOS\src
14,1,0,5,0,25.0,0.04,0.0,FBOSServantInterface,C:\Users\Ross\Desktop\stuf\FBOS\src
14,19,0,10,0,25.0,0.76,0.0,UserAcctInterface,C:\Users\Ross\Desktop\stuf\FBOS\src
14,0,3,1,9,25.0,0.0,0.12,FBOSClient,C:\Users\Ross\Desktop\stuf\FBOS\src
14,0,1,3,5,25.0,0.0,0.04,uiCreateUpdate,C:\Users\Ross\Desktop\stuf\FBOS\src
14,0,0,9,16,25.0,0.0,0.0,uiLog,C:\Users\Ross\Desktop\stuf\FBOS\src
14,0,1,5,6,25.0,0.0,0.04,uiNewAccount,C:\Users\Ross\Desktop\stuf\FBOS\src
14,0,7,8,18,25.0,0.0,0.28,uiSearch,C:\Users\Ross\Desktop\stuf\FBOS\src
14,1,1,6,21,25.0,0.04,0.04,uiUserEdit,C:\Users\Ross\Desktop\stuf\FBOS\src
14,1,2,6,16,25.0,0.04,0.08,uiWall,C:\Users\Ross\Desktop\stuf\FBOS\src
14,0,0,1,0,25.0,0.0,0.0,MyListSelectionListener,C:\Users\Ross\Desktop\stuf\FBOS\src
14,1,7,5,8,25.0,0.04,0.28,FBOSServant,C:\Users\Ross\Desktop\stuf\FBOS\src
14,0,1,1,0,25.0,0.0,0.04,FBOSServerMain,C:\Users\Ross\Desktop\stuf\FBOS\src
14,3,2,10,10,25.0,0.12,0.08,UserAcct,C:\Users\Ross\Desktop\stuf\FBOS\src
163,0,28,16,1,161.0,0.0,0.17391304347826086,Example,C:\Users\Ross\Desktop\stuf\fHalo\src
163,1,1,1,1,161.0,0.006211180124223602,0.006211180124223602,Delete,C:\Users\Ross\Desktop\stuf\fHalo\src
163,3,1,3,1,161.0,0.018633540372670808,0.006211180124223602,Search,C:\Users\Ross\Desktop\stuf\fHalo\src
163,0,0,1,2,161.0,0.0,0.0,Account,C:\Users\Ross\Desktop\stuf\fHalo\src
163,1,1,1,1,161.0,0.006211180124223602,0.006211180124223602,Action,C:\Users\Ross\Desktop\stuf\fHalo\src
163,1,1,9,10,161.0,0.006211180124223602,0.006211180124223602,Album,C:\Users\Ross\Desktop\stuf\fHalo\src
163,1,0,2,3,161.0,0.006211180124223602,0.0,Application,C:\Users\Ross\Desktop\stuf\fHalo\src
163,0,4,6,7,161.0,0.0,0.024844720496894408,Checkin,C:\Users\Ross\Desktop\stuf\fHalo\src
163,2,1,4,2,161.0,0.012422360248447204,0.006211180124223602,Place,C:\Users\Ross\Desktop\stuf\fHalo\src
163,5,0,8,6,161.0,0.031055900621118012,0.0,Location,C:\Users\Ross\Desktop\stuf\fHalo\src
163,1,2,6,7,161.0,0.006211180124223602,0.012422360248447204,Comment,C:\Users\Ross\Desktop\stuf\fHalo\src
163,0,0,1,0,161.0,0.0,0.0,CommentInterface,C:\Users\Ross\Desktop\stuf\fHalo\src
163,1,2,9,10,161.0,0.006211180124223602,0.012422360248447204,Event,C:\Users\Ross\Desktop\stuf\fHalo\src
163,0,2,6,7,161.0,0.0,0.012422360248447204,Group,C:\Users\Ross\Desktop\stuf\fHalo\src
163,0,0,3,4,161.0,0.0,0.0,Insight,C:\Users\Ross\Desktop\stuf\fHalo\src
163,0,1,7,8,161.0,0.0,0.006211180124223602,Link,C:\Users\Ross\Desktop\stuf\fHalo\src
163,5,0,10,8,161.0,0.031055900621118012,0.0,Location,C:\Users\Ross\Desktop\stuf\fHalo\src
163,0,2,6,6,161.0,0.0,0.012422360248447204,Message,C:\Users\Ross\Desktop\stuf\fHalo\src
163,0,1,6,7,161.0,0.0,0.006211180124223602,Note,C:\Users\Ross\Desktop\stuf\fHalo\src
163,0,3,10,9,161.0,0.0,0.018633540372670808,Notifications,C:\Users\Ross\Desktop\stuf\fHalo\src
163,0,2,9,9,161.0,0.0,0.012422360248447204,Order,C:\Users\Ross\Desktop\stuf\fHalo\src
163,0,1,15,16,161.0,0.0,0.006211180124223602,Page,C:\Users\Ross\Desktop\stuf\fHalo\src
163,0,0,1,2,161.0,0.0,0.0,PageConnection,C:\Users\Ross\Desktop\stuf\fHalo\src
163,0,1,14,15,161.0,0.0,0.006211180124223602,Photo,C:\Users\Ross\Desktop\stuf\fHalo\src
163,0,0,3,4,161.0,0.0,0.0,Tag,C:\Users\Ross\Desktop\stuf\fHalo\src
163,0,0,6,4,161.0,0.0,0.0,Image,C:\Users\Ross\Desktop\stuf\fHalo\src
163,1,8,27,25,161.0,0.006211180124223602,0.049689440993788817,Post,C:\Users\Ross\Desktop\stuf\fHalo\src
163,1,1,1,2,161.0,0.006211180124223602,0.006211180124223602,PostPlace,C:\Users\Ross\Desktop\stuf\fHalo\src
163,0,0,6,4,161.0,0.0,0.0,Property,C:\Users\Ross\Desktop\stuf\fHalo\src
163,1,0,5,3,161.0,0.006211180124223602,0.0,Likes,C:\Users\Ross\Desktop\stuf\fHalo\src
163,2,0,5,3,161.0,0.012422360248447204,0.0,Comments,C:\Users\Ross\Desktop\stuf\fHalo\src
163,1,0,8,6,161.0,0.006211180124223602,0.0,Privacy,C:\Users\Ross\Desktop\stuf\fHalo\src
163,1,0,5,3,161.0,0.006211180124223602,0.0,Action,C:\Users\Ross\Desktop\stuf\fHalo\src
163,0,0,4,0,161.0,0.0,0.0,PostInterface,C:\Users\Ross\Desktop\stuf\fHalo\src
163,0,1,0,5,161.0,0.0,0.006211180124223602,Question,C:\Users\Ross\Desktop\stuf\fHalo\src
163,0,2,4,4,161.0,0.0,0.012422360248447204,QuestionOption,C:\Users\Ross\Desktop\stuf\fHalo\src
163,0,3,6,9,161.0,0.0,0.018633540372670808,StatusMessage,C:\Users\Ross\Desktop\stuf\fHalo\src
163,1,0,0,2,161.0,0.006211180124223602,0.0,EmptyLikes,C:\Users\Ross\Desktop\stuf\fHalo\src
163,1,0,0,2,161.0,0.006211180124223602,0.0,EmptyComments,C:\Users\Ross\Desktop\stuf\fHalo\src
163,0,0,2,2,161.0,0.0,0.0,SubscribedTo,C:\Users\Ross\Desktop\stuf\fHalo\src
163,0,0,2,2,161.0,0.0,0.0,Subscribers,C:\Users\Ross\Desktop\stuf\fHalo\src
163,2,0,8,4,161.0,0.012422360248447204,0.0,Tags,C:\Users\Ross\Desktop\stuf\fHalo\src
163,0,0,0,10,161.0,0.0,0.0,Thread,C:\Users\Ross\Desktop\stuf\fHalo\src
163,0,0,1,1,161.0,0.0,0.0,ThreadInfo,C:\Users\Ross\Desktop\stuf\fHalo\src
163,0,0,5,6,161.0,0.0,0.0,Url,C:\Users\Ross\Desktop\stuf\fHalo\src
163,2,15,51,34,161.0,0.012422360248447204,0.09316770186335403,User,C:\Users\Ross\Desktop\stuf\fHalo\src
163,0,3,10,8,161.0,0.0,0.018633540372670808,Work,C:\Users\Ross\Desktop\stuf\fHalo\src
163,0,3,10,8,161.0,0.0,0.018633540372670808,Education,C:\Users\Ross\Desktop\stuf\fHalo\src
163,0,0,2,3,161.0,0.0,0.0,EducationClass,C:\Users\Ross\Desktop\stuf\fHalo\src
163,0,0,1,2,161.0,0.0,0.0,Sport,C:\Users\Ross\Desktop\stuf\fHalo\src
163,0,0,17,0,161.0,0.0,0.0,UserInterface,C:\Users\Ross\Desktop\stuf\fHalo\src
163,2,0,9,7,161.0,0.012422360248447204,0.0,Venue,C:\Users\Ross\Desktop\stuf\fHalo\src
163,0,1,12,13,161.0,0.0,0.006211180124223602,Video,C:\Users\Ross\Desktop\stuf\fHalo\src
163,0,0,3,1,161.0,0.0,0.0,Albums,C:\Users\Ross\Desktop\stuf\fHalo\src
163,0,3,5,5,161.0,0.0,0.018633540372670808,AppRequest,C:\Users\Ross\Desktop\stuf\fHalo\src
163,1,1,9,4,161.0,0.006211180124223602,0.006211180124223602,Checkins,C:\Users\Ross\Desktop\stuf\fHalo\src
163,1,0,4,2,161.0,0.006211180124223602,0.0,Coordinate,C:\Users\Ross\Desktop\stuf\fHalo\src
163,2,0,1,0,161.0,0.012422360248447204,0.0,Comments,C:\Users\Ross\Desktop\stuf\fHalo\src
163,0,1,9,9,161.0,0.0,0.006211180124223602,Docs,C:\Users\Ross\Desktop\stuf\fHalo\src
163,0,0,4,4,161.0,0.0,0.0,Events,C:\Users\Ross\Desktop\stuf\fHalo\src
163,0,0,1,1,161.0,0.0,0.0,Family,C:\Users\Ross\Desktop\stuf\fHalo\src
163,0,0,7,7,161.0,0.0,0.0,Favorite,C:\Users\Ross\Desktop\stuf\fHalo\src
163,0,0,1,1,161.0,0.0,0.0,LikesInfo,C:\Users\Ross\Desktop\stuf\fHalo\src
163,5,0,6,0,161.0,0.031055900621118012,0.0,Feed,C:\Users\Ross\Desktop\stuf\fHalo\src
163,0,2,1,1,161.0,0.0,0.012422360248447204,FriendRequest,C:\Users\Ross\Desktop\stuf\fHalo\src
163,0,2,5,5,161.0,0.0,0.012422360248447204,FriendRequestInfo,C:\Users\Ross\Desktop\stuf\fHalo\src
163,2,0,0,0,161.0,0.012422360248447204,0.0,Friends,C:\Users\Ross\Desktop\stuf\fHalo\src
163,0,0,1,1,161.0,0.0,0.0,Groups,C:\Users\Ross\Desktop\stuf\fHalo\src
163,0,0,4,4,161.0,0.0,0.0,GroupsInfo,C:\Users\Ross\Desktop\stuf\fHalo\src
163,0,0,1,1,161.0,0.0,0.0,Home,C:\Users\Ross\Desktop\stuf\fHalo\src
163,0,0,1,1,161.0,0.0,0.0,LikesInfo,C:\Users\Ross\Desktop\stuf\fHalo\src
163,0,0,7,1,161.0,0.0,0.0,Links,C:\Users\Ross\Desktop\stuf\fHalo\src
163,0,1,1,1,161.0,0.0,0.006211180124223602,Members,C:\Users\Ross\Desktop\stuf\fHalo\src
163,0,1,2,2,161.0,0.0,0.006211180124223602,MembersInfo,C:\Users\Ross\Desktop\stuf\fHalo\src
163,0,0,1,1,161.0,0.0,0.0,Messages,C:\Users\Ross\Desktop\stuf\fHalo\src
163,0,0,1,1,161.0,0.0,0.0,MutualFriends,C:\Users\Ross\Desktop\stuf\fHalo\src
163,0,0,1,1,161.0,0.0,0.0,Payments,C:\Users\Ross\Desktop\stuf\fHalo\src
163,1,0,5,2,161.0,0.006211180124223602,0.0,Photos,C:\Users\Ross\Desktop\stuf\fHalo\src
163,0,0,1,1,161.0,0.0,0.0,Picture,C:\Users\Ross\Desktop\stuf\fHalo\src
163,0,2,1,1,161.0,0.0,0.012422360248447204,Poke,C:\Users\Ross\Desktop\stuf\fHalo\src
163,0,2,4,4,161.0,0.0,0.012422360248447204,PokeInfo,C:\Users\Ross\Desktop\stuf\fHalo\src
163,0,0,1,1,161.0,0.0,0.0,Posts,C:\Users\Ross\Desktop\stuf\fHalo\src
163,0,0,2,2,161.0,0.0,0.0,Settings,C:\Users\Ross\Desktop\stuf\fHalo\src
163,0,0,1,1,161.0,0.0,0.0,Statuses,C:\Users\Ross\Desktop\stuf\fHalo\src
163,0,0,1,1,161.0,0.0,0.0,Subscribedto,C:\Users\Ross\Desktop\stuf\fHalo\src
163,0,0,1,1,161.0,0.0,0.0,Subscribers,C:\Users\Ross\Desktop\stuf\fHalo\src
163,0,1,0,1,161.0,0.0,0.006211180124223602,Tabs,C:\Users\Ross\Desktop\stuf\fHalo\src
163,0,1,0,6,161.0,0.0,0.006211180124223602,TabsInfo,C:\Users\Ross\Desktop\stuf\fHalo\src
163,0,2,12,12,161.0,0.0,0.012422360248447204,Tagged,C:\Users\Ross\Desktop\stuf\fHalo\src
163,2,0,1,1,161.0,0.012422360248447204,0.0,Tags,C:\Users\Ross\Desktop\stuf\fHalo\src
163,0,0,0,1,161.0,0.0,0.0,Television,C:\Users\Ross\Desktop\stuf\fHalo\src
163,0,0,1,1,161.0,0.0,0.0,TelevisionInfo,C:\Users\Ross\Desktop\stuf\fHalo\src
163,0,0,1,1,161.0,0.0,0.0,Updates,C:\Users\Ross\Desktop\stuf\fHalo\src
163,0,0,1,1,161.0,0.0,0.0,Videos,C:\Users\Ross\Desktop\stuf\fHalo\src
163,0,0,9,9,161.0,0.0,0.0,CheckinTable,C:\Users\Ross\Desktop\stuf\fHalo\src
163,1,0,2,2,161.0,0.006211180124223602,0.0,Coordinate,C:\Users\Ross\Desktop\stuf\fHalo\src
163,1,0,16,16,161.0,0.006211180124223602,0.0,CommentTable,C:\Users\Ross\Desktop\stuf\fHalo\src
163,1,0,2,2,161.0,0.006211180124223602,0.0,FriendTable,C:\Users\Ross\Desktop\stuf\fHalo\src
163,0,2,22,22,161.0,0.0,0.012422360248447204,PhotoTable,C:\Users\Ross\Desktop\stuf\fHalo\src
163,0,0,3,3,161.0,0.0,0.0,Image,C:\Users\Ross\Desktop\stuf\fHalo\src
163,1,0,3,3,161.0,0.006211180124223602,0.0,LikeInfo,C:\Users\Ross\Desktop\stuf\fHalo\src
163,1,0,2,2,161.0,0.006211180124223602,0.0,CommentInfo,C:\Users\Ross\Desktop\stuf\fHalo\src
163,0,0,5,5,161.0,0.0,0.0,StatusTable,C:\Users\Ross\Desktop\stuf\fHalo\src
163,5,0,1,2,161.0,0.031055900621118012,0.0,CategorizedFacebookType,C:\Users\Ross\Desktop\stuf\fHalo\src
163,4,2,6,4,161.0,0.024844720496894408,0.012422360248447204,FacebookType,C:\Users\Ross\Desktop\stuf\fHalo\src
163,1,1,4,2,161.0,0.006211180124223602,0.006211180124223602,Metadata,C:\Users\Ross\Desktop\stuf\fHalo\src
163,2,0,53,26,161.0,0.012422360248447204,0.0,Connections,C:\Users\Ross\Desktop\stuf\fHalo\src
163,49,0,2,2,161.0,0.30434782608695654,0.0,NamedFacebookType,C:\Users\Ross\Desktop\stuf\fHalo\src
163,0,0,5,2,161.0,0.0,0.0,BatchHeader,C:\Users\Ross\Desktop\stuf\fHalo\src
163,0,1,12,8,161.0,0.0,0.006211180124223602,BatchRequest,C:\Users\Ross\Desktop\stuf\fHalo\src
163,0,0,9,9,161.0,0.0,0.0,BatchRequestBuilder,C:\Users\Ross\Desktop\stuf\fHalo\src
163,0,0,6,3,161.0,0.0,0.0,BatchResponse,C:\Users\Ross\Desktop\stuf\fHalo\src
163,0,0,6,2,161.0,0.0,0.0,AccessToken,C:\Users\Ross\Desktop\stuf\fHalo\src
163,0,0,0,0,161.0,0.0,0.0,Arguments,C:\Users\Ross\Desktop\stuf\fHalo\src
163,0,0,0,7,161.0,0.0,0.0,FEED,C:\Users\Ross\Desktop\stuf\fHalo\src
163,0,0,0,1,161.0,0.0,0.0,COMMENTS,C:\Users\Ross\Desktop\stuf\fHalo\src
163,0,0,0,6,161.0,0.0,0.0,LINKS,C:\Users\Ross\Desktop\stuf\fHalo\src
163,0,0,0,2,161.0,0.0,0.0,ALBUMS,C:\Users\Ross\Desktop\stuf\fHalo\src
163,0,0,0,2,161.0,0.0,0.0,PHOTOS,C:\Users\Ross\Desktop\stuf\fHalo\src
163,0,0,0,4,161.0,0.0,0.0,CHECKIN,C:\Users\Ross\Desktop\stuf\fHalo\src
163,0,0,0,5,161.0,0.0,0.0,PHOTO_TAGS,C:\Users\Ross\Desktop\stuf\fHalo\src
163,2,0,6,2,161.0,0.012422360248447204,0.0,BinaryAttachment,C:\Users\Ross\Desktop\stuf\fHalo\src
163,9,0,5,2,161.0,0.055900621118012424,0.0,Parameter,C:\Users\Ross\Desktop\stuf\fHalo\src
163,0,9,12,7,161.0,0.0,0.055900621118012424,BaseFacebookClient,C:\Users\Ross\Desktop\stuf\fHalo\src
163,0,0,1,1,161.0,0.0,0.0,DefaultLegacyFacebookExceptionMapper,C:\Users\Ross\Desktop\stuf\fHalo\src
163,0,4,10,5,161.0,0.0,0.024844720496894408,Connection,C:\Users\Ross\Desktop\stuf\fHalo\src
163,0,0,3,2,161.0,0.0,0.0,ConnectionIterator,C:\Users\Ross\Desktop\stuf\fHalo\src
163,0,10,27,1,161.0,0.0,0.062111801242236024,DefaultFacebookClient,C:\Users\Ross\Desktop\stuf\fHalo\src
163,0,0,1,0,161.0,0.0,0.0,Requestor,C:\Users\Ross\Desktop\stuf\fHalo\src
163,0,0,0,16,161.0,0.0,0.0,DefaultFacebookString,C:\Users\Ross\Desktop\stuf\fHalo\src
163,0,1,4,0,161.0,0.0,0.006211180124223602,DefaultFacebookUtils,C:\Users\Ross\Desktop\stuf\fHalo\src
163,0,7,17,14,161.0,0.0,0.043478260869565216,DefaultLegacyFacebookClient,C:\Users\Ross\Desktop\stuf\fHalo\src
163,0,2,9,6,161.0,0.0,0.012422360248447204,DefaultWebRequestor,C:\Users\Ross\Desktop\stuf\fHalo\src
163,8,0,20,0,161.0,0.049689440993788817,0.0,FacebookClient,C:\Users\Ross\Desktop\stuf\fHalo\src
163,0,0,8,0,161.0,0.0,0.0,LegacyFacebookClient,C:\Users\Ross\Desktop\stuf\fHalo\src
163,1,0,3,0,161.0,0.006211180124223602,0.0,WebRequestor,C:\Users\Ross\Desktop\stuf\fHalo\src
163,2,0,3,2,161.0,0.012422360248447204,0.0,Response,C:\Users\Ross\Desktop\stuf\fHalo\src
163,0,0,1,0,161.0,0.0,0.0,DefaultGraphFacebookExceptionMapper,C:\Users\Ross\Desktop\stuf\fHalo\src
163,0,0,0,1,161.0,0.0,0.0,FacebookException,C:\Users\Ross\Desktop\stuf\fHalo\src
163,2,0,1,0,161.0,0.012422360248447204,0.0,FacebookExceptionMapper,C:\Users\Ross\Desktop\stuf\fHalo\src
163,0,0,2,3,161.0,0.0,0.0,FacebookGraphException,C:\Users\Ross\Desktop\stuf\fHalo\src
163,0,0,0,1,161.0,0.0,0.0,FacebookJsonMappingException,C:\Users\Ross\Desktop\stuf\fHalo\src
163,0,0,1,2,161.0,0.0,0.0,FacebookNetworkException,C:\Users\Ross\Desktop\stuf\fHalo\src
163,0,0,0,1,161.0,0.0,0.0,FacebookOAuthException,C:\Users\Ross\Desktop\stuf\fHalo\src
163,0,0,0,1,161.0,0.0,0.0,FacebookQueryParseException,C:\Users\Ross\Desktop\stuf\fHalo\src
163,0,0,2,3,161.0,0.0,0.0,FacebookResponseStatusException,C:\Users\Ross\Desktop\stuf\fHalo\src
163,0,0,1,2,161.0,0.0,0.0,JsonException,C:\Users\Ross\Desktop\stuf\fHalo\src
163,0,0,4,5,161.0,0.0,0.0,DateUtils,C:\Users\Ross\Desktop\stuf\fHalo\src
163,0,2,7,1,161.0,0.0,0.012422360248447204,ReflectionUtils,C:\Users\Ross\Desktop\stuf\fHalo\src
163,0,0,3,2,161.0,0.0,0.0,FieldWithAnnotation,C:\Users\Ross\Desktop\stuf\fHalo\src
163,3,0,2,2,161.0,0.018633540372670808,0.0,ClassAnnotationCacheKey,C:\Users\Ross\Desktop\stuf\fHalo\src
163,0,0,9,2,161.0,0.0,0.0,StringUtils,C:\Users\Ross\Desktop\stuf\fHalo\src
163,0,1,6,1,161.0,0.0,0.006211180124223602,BaseJsonMapper,C:\Users\Ross\Desktop\stuf\fHalo\src
163,0,6,6,1,161.0,0.0,0.037267080745341616,DefaultJsonMapper,C:\Users\Ross\Desktop\stuf\fHalo\src
163,11,1,44,1,161.0,0.06832298136645963,0.006211180124223602,JsonArray,C:\Users\Ross\Desktop\stuf\fHalo\src
163,1,0,4,0,161.0,0.006211180124223602,0.0,JsonMapper,C:\Users\Ross\Desktop\stuf\fHalo\src
163,1,0,1,0,161.0,0.006211180124223602,0.0,JsonMappingErrorHandler,C:\Users\Ross\Desktop\stuf\fHalo\src
163,19,2,55,2,161.0,0.11801242236024845,0.012422360248447204,JsonObject,C:\Users\Ross\Desktop\stuf\fHalo\src
163,0,0,3,0,161.0,0.0,0.0,Null,C:\Users\Ross\Desktop\stuf\fHalo\src
163,0,0,1,0,161.0,0.0,0.0,JsonString,C:\Users\Ross\Desktop\stuf\fHalo\src
163,0,0,1,0,161.0,0.0,0.0,JsonStringer,C:\Users\Ross\Desktop\stuf\fHalo\src
163,0,0,14,4,161.0,0.0,0.0,JsonTokener,C:\Users\Ross\Desktop\stuf\fHalo\src
163,0,0,13,6,161.0,0.0,0.0,JsonWriter,C:\Users\Ross\Desktop\stuf\fHalo\src
24,1,0,0,1,16.0,0.0625,0.0,AbstractRecord,C:\Users\Ross\Desktop\stuf\flewton\src
24,0,2,4,4,16.0,0.0,0.125,CollectorHandler,C:\Users\Ross\Desktop\stuf\flewton\src
24,1,1,8,3,16.0,0.0625,0.0625,CollectorServer,C:\Users\Ross\Desktop\stuf\flewton\src
24,0,0,0,1,16.0,0.0,0.0,ConfigError,C:\Users\Ross\Desktop\stuf\flewton\src
24,0,0,0,1,16.0,0.0,0.0,CorruptDatagram,C:\Users\Ross\Desktop\stuf\flewton\src
24,5,0,0,17,16.0,0.3125,0.0,Flow,C:\Users\Ross\Desktop\stuf\flewton\src
24,0,1,3,3,16.0,0.0,0.0625,Recordv5,C:\Users\Ross\Desktop\stuf\flewton\src
24,0,0,1,0,16.0,0.0,0.0,AbstractBackend,C:\Users\Ross\Desktop\stuf\flewton\src
24,0,1,3,2,16.0,0.0,0.0625,ExtBackendFactory,C:\Users\Ross\Desktop\stuf\flewton\src
24,3,0,1,0,16.0,0.1875,0.0,IBackend,C:\Users\Ross\Desktop\stuf\flewton\src
24,0,1,1,1,16.0,0.0,0.0625,LoggingBackend,C:\Users\Ross\Desktop\stuf\flewton\src
24,0,0,1,0,16.0,0.0,0.0,NullBackend,C:\Users\Ross\Desktop\stuf\flewton\src
24,0,2,3,7,16.0,0.0,0.125,TopTalkersBackend,C:\Users\Ross\Desktop\stuf\flewton\src
24,0,0,1,2,16.0,0.0,0.0,CacheMap,C:\Users\Ross\Desktop\stuf\flewton\src
24,0,3,3,6,16.0,0.0,0.1875,CumulativeUsageBackend,C:\Users\Ross\Desktop\stuf\flewton\src
24,3,0,1,4,16.0,0.1875,0.0,OctetCounter,C:\Users\Ross\Desktop\stuf\flewton\src
24,0,1,1,0,16.0,0.0,0.0625,Pusher,C:\Users\Ross\Desktop\stuf\flewton\src
24,1,0,0,1,16.0,0.0625,0.0,ThriftClientPool,C:\Users\Ross\Desktop\stuf\flewton\src
24,0,0,6,5,16.0,0.0,0.0,ThriftClientFactory,C:\Users\Ross\Desktop\stuf\flewton\src
24,0,0,2,0,16.0,0.0,0.0,ThriftClientPoolMBean,C:\Users\Ross\Desktop\stuf\flewton\src
24,0,3,9,8,16.0,0.0,0.1875,UsageBackend,C:\Users\Ross\Desktop\stuf\flewton\src
24,2,1,4,1,16.0,0.125,0.0625,HostResolver,C:\Users\Ross\Desktop\stuf\flewton\src
24,1,0,1,2,16.0,0.0625,0.0,Block,C:\Users\Ross\Desktop\stuf\flewton\src
24,1,0,4,6,16.0,0.0625,0.0,UUIDGen,C:\Users\Ross\Desktop\stuf\flewton\src
18,0,0,0,6,8.0,0.0,0.0,Constants,C:\Users\Ross\Desktop\stuf\tokenreplacer\src
18,0,1,32,9,8.0,0.0,0.125,FiniteStateMachineTokenReplacer,C:\Users\Ross\Desktop\stuf\tokenreplacer\src
18,3,0,2,0,8.0,0.375,0.0,Generator,C:\Users\Ross\Desktop\stuf\tokenreplacer\src
18,0,0,0,1,8.0,0.0,0.0,NoValueOrGeneratorFoundException,C:\Users\Ross\Desktop\stuf\tokenreplacer\src
18,0,0,0,1,8.0,0.0,0.0,ParseException,C:\Users\Ross\Desktop\stuf\tokenreplacer\src
18,1,1,7,3,8.0,0.125,0.125,Token,C:\Users\Ross\Desktop\stuf\tokenreplacer\src
18,4,0,14,0,8.0,0.5,0.0,TokenReplacer,C:\Users\Ross\Desktop\stuf\tokenreplacer\src
18,0,1,14,1,8.0,0.0,0.125,Toky,C:\Users\Ross\Desktop\stuf\tokenreplacer\src
18,0,0,1,0,8.0,0.0,0.0,Utils,C:\Users\Ross\Desktop\stuf\tokenreplacer\src
18,0,0,5,0,8.0,0.0,0.0,Validate,C:\Users\Ross\Desktop\stuf\tokenreplacer\src
18,0,1,3,1,8.0,0.0,0.125,FileReadingTokyTest,C:\Users\Ross\Desktop\stuf\tokenreplacer\src
18,0,0,2,0,8.0,0.0,0.0,TokenTest,C:\Users\Ross\Desktop\stuf\tokenreplacer\src
18,0,2,21,1,8.0,0.0,0.25,TokyTest,C:\Users\Ross\Desktop\stuf\tokenreplacer\src
18,0,0,2,1,8.0,0.0,0.0,DynamicGenerator,C:\Users\Ross\Desktop\stuf\tokenreplacer\src
18,0,0,2,0,8.0,0.0,0.0,NumberGenerator,C:\Users\Ross\Desktop\stuf\tokenreplacer\src
18,0,0,2,0,8.0,0.0,0.0,SomeCharGenerator,C:\Users\Ross\Desktop\stuf\tokenreplacer\src
18,0,2,1,0,8.0,0.0,0.25,PerformanceEval,C:\Users\Ross\Desktop\stuf\tokenreplacer\src
18,1,0,0,2,8.0,0.125,0.0,Result,C:\Users\Ross\Desktop\stuf\tokenreplacer\src
